<?xml version="1.0" encoding="utf-8" standalone="yes" ?>
<rss version="2.0" xmlns:atom="http://www.w3.org/2005/Atom">
  <channel>
    <title>Apex Legends и Overwatch</title>
    <link>https://arzamas-16.ru/</link>
    <description>Recent content on Apex Legends и Overwatch</description>
    <generator>Hugo -- gohugo.io</generator>
    <language>ru</language>
    <lastBuildDate>Wed, 20 Mar 2019 06:42:11 +0300</lastBuildDate>
    
	<atom:link href="https://arzamas-16.ru/index.xml" rel="self" type="application/rss+xml" />
    
    
    <item>
      <title>Сколько стоит боевой пропуск Apex Legends?</title>
      <link>https://arzamas-16.ru/apex-legends-battle-pass/</link>
      <pubDate>Wed, 20 Mar 2019 06:42:11 +0300</pubDate>
      
      <guid>https://arzamas-16.ru/apex-legends-battle-pass/</guid>
      <description>19 марта разработчики игры Apex Legends дали старт первому сезону в Apex Legends. Они добавили в игру боевой пропуск. Поклонники королевской битвы ждали этого события с самого релиза, но остались недовлетворенными.
Стоимость боевого пропуска - 950 монет Apex — их можно купить за 749 рублей в магазине или получить при первой подписке на Origin Access. Аналогично Fortnite или PUBG, некоторые награды будут бесплатными: в течение трех месяцев все игроки будут повышать уровень боевого пропуска, даже если не купят его.</description>
    </item>
    
    <item>
      <title>Новый герой Apex Legends – Octane</title>
      <link>https://arzamas-16.ru/apex-octane-new-hero-2/</link>
      <pubDate>Fri, 01 Mar 2019 06:42:11 +0300</pubDate>
      
      <guid>https://arzamas-16.ru/apex-octane-new-hero-2/</guid>
      <description>Юзер с Reddit запостил снимок экрана с изображением одного из новых героев Apex Legends – Octane.
На картинке можно найти и описание его способностей. Пассивная способность Swift Mend восстанавливает здоровье Octane, пока он не находится в бою. Активная Adrenaline Junkie дает персонажу ускорение на 30% на 6 секунд. Ульта Launch Pad позволяет создать трамплин.</description>
    </item>
    
    <item>
      <title>Понижаем пинг в Apex Legends</title>
      <link>https://arzamas-16.ru/apex-legends-ping-ponizhaem/</link>
      <pubDate>Fri, 01 Mar 2019 05:42:11 +0300</pubDate>
      
      <guid>https://arzamas-16.ru/apex-legends-ping-ponizhaem/</guid>
      <description>К сожалению, Apex Legends не дает игрокам проверить пинг или стабильность соединения. Многие геймеры пишут на форумах о серьезных сетевых проблемах, которые наблюдаются у всех участников текущего матча и пропадают лишь спустя несколько минут. Как же выбрать нужный сервер в Apex Legends, чтобы играть было комфортно?
На самом деле узнать пинг в Apex Legends вполне реально. Для выполните следующие действия во время первой загрузки игры.
 После завершения первой загрузки Apex Legends подождите 60 секунд, не выходя в главное меню.</description>
    </item>
    
    <item>
      <title>За Винни-Пуха в Китае банят игроков Overwatch</title>
      <link>https://arzamas-16.ru/overwatch-vinnie-puh-ban/</link>
      <pubDate>Fri, 01 Mar 2019 04:51:11 +0300</pubDate>
      
      <guid>https://arzamas-16.ru/overwatch-vinnie-puh-ban/</guid>
      <description>Китайских игроков в Overwatch банят за упоминание в чате Винни-Пуха. Новость пришла с китайских форумов. Один игрок в оверотч рассказал, что если кто-то спросит у вас в чате: «Кто лучший друг Тигры?», а вы напишете: «Винни-Пух», то ваш аккаунт забанят. Более того, несчастных геймеров наказывают баном и за упоминание Тигры.
Все это происходит из-за цензуры в Китае. Критики китайской власти часто сравнивают главу КНР Син Цзиньпина с Винни-Пухом и потому в стране упоминания этого героя подвергаются цензуре.</description>
    </item>
    
    <item>
      <title>Новый герой в Overwatch - Baptiste</title>
      <link>https://arzamas-16.ru/overwatch-baptiste/</link>
      <pubDate>Tue, 26 Feb 2019 05:51:11 +0300</pubDate>
      
      <guid>https://arzamas-16.ru/overwatch-baptiste/</guid>
      <description>В ночь с понедельника на вторник Blizzard представили нам облик и историю нового героя в Owerwatch. Им стал Baptiste. Судя по всему, он будет преимущественно хилить. То есть Баптисту быть медиком. Подробности о способностях персонажа нам не рассказали.
Однако Lucas Łaskawy из Польши заострил наше внимание на ответы официального аккаунта Overwatch для польского региона под роликом с историей Батиста. Разработчики успокоили фанатов, что арсенал способностей Батиста отличается от Солдата-76. Они же уверяют, что у персонажа довольно уникальный геймплей.</description>
    </item>
    
    <item>
      <title>В игровых файлах Apex Legends уже нашли 11 новых героев</title>
      <link>https://arzamas-16.ru/apex-legends-11-heroes/</link>
      <pubDate>Mon, 25 Feb 2019 05:51:11 +0300</pubDate>
      
      <guid>https://arzamas-16.ru/apex-legends-11-heroes/</guid>
      <description>Оружие, возможное появление транспорта, скины в магазине и боевой пропуск — это далеко не всё, что получит королевская битва Apex Legends в 2018 году. Датамайнеры нашли в игровых файлах 11 новых героев! Пока удалось узнать только их имена, и лишь некоторые способности:
 Nomad Octane Prophet Husaria Jericho Rampart Blackout Crypto Rosie Skunner Wattson  У Октан есть некая способность, основанная на стимпаке, а у Уотсона есть электрическая ловушка в качестве главной абилки.</description>
    </item>
    
    <item>
      <title>Проблема в Apex Legends PersistenceReadComplete for data storage &#34;Respawn&#34; failed</title>
      <link>https://arzamas-16.ru/apex-legends-persistencereadcomplete/</link>
      <pubDate>Thu, 21 Feb 2019 05:51:11 +0300</pubDate>
      
      <guid>https://arzamas-16.ru/apex-legends-persistencereadcomplete/</guid>
      <description>Сегодня многие игроки столкнулись с проблемой, игра долго грузится и вылетает с ошибкой &amp;ldquo;Disconnect: PersistenceReadComplete for data storage &amp;ldquo;Respawn&amp;rdquo; failed&amp;rdquo;. К сожалению, разработчини не учли, что в Apex Legends будет играть одновременно такое большое количество людей как сейчас, поэтому бывают случаи, что сервера просто не справляются с нагрузкой.
Как же быть простому геймеры в такой ситуации? Как решить проблему? Ответ плавает на поверхности: нужно просто ждать. Еще вариант: поменять сервер. У некоторых игроков при смене региона происходило подключение к игре.</description>
    </item>
    
    <item>
      <title>Читеры в Apex Legends. Что делать?</title>
      <link>https://arzamas-16.ru/apex-legends-chitery/</link>
      <pubDate>Thu, 21 Feb 2019 05:41:11 +0300</pubDate>
      
      <guid>https://arzamas-16.ru/apex-legends-chitery/</guid>
      <description>Как сообщает отчет Respawn Entertainment о результатах работы над популярным шутером Apex Legends, с момента релиза разработчики забанили более 16 тысяч читеров. Студия призвала всех поклонников «королевской битвы» сообщать о случаях нечестной игры. Это можно сделать по адресу: https://www.easy.ac/en-us/support/apexlegends/contact/report/
В треде на популярном ресурсе Reddit компания-разработчик пообещала решить проблемы стабильностьи и производительности игры. Точные даты однако не называются. Программисты планируют выкладывать патчноуты при релизе обновлений. Для ускоренной работы пользователи могут сообщать об ошибках и спецификациях собственной игровой системы.</description>
    </item>
    
    <item>
      <title>В Apex Legends добавят новое оружие - энергетическую винтовку Havoc</title>
      <link>https://arzamas-16.ru/apex-legends-havoc/</link>
      <pubDate>Wed, 20 Feb 2019 05:41:11 +0300</pubDate>
      
      <guid>https://arzamas-16.ru/apex-legends-havoc/</guid>
      <description>20 февраля в Apex Legends добавят новое оружие. Речь идет о новой энергетической винтовке Havoc. Она расходует энергетические патроны. При этом у оружия существует два режима стрельбы: автоматический и одиночный. Каждое попадание по сопернику наносит 18 урона в тело и 36 в голову. Какие модули будут использоваться с оружием, неизвестно.
Несколько дней назад датамайнеры нашли в файлах игры упоминание о двух новых оружиях — винтовке Havoc и легком пулемете L-STAR EMG.</description>
    </item>
    
    <item>
      <title>В Apex Legends - новый мировой рекорд по одиночным убийствам</title>
      <link>https://arzamas-16.ru/apex-legends-mirovoj-record-mendokusaii/</link>
      <pubDate>Wed, 20 Feb 2019 04:41:11 +0300</pubDate>
      
      <guid>https://arzamas-16.ru/apex-legends-mirovoj-record-mendokusaii/</guid>
      <description>В бесплатным баттл-рояле Apex Legends установили новый мировой рекорд по одиночным убийствам. Это сделал стример Mendokusaii вчера вечером. Он совершил 36 убийств за 18 минут, при этом нанес 5460 урона.
Он побил рекорд MrSimple, который несколько дней назад совершил 34 убийства. Видео по теме:
  </description>
    </item>
    
    <item>
      <title>Новый патч в Apex Legends - исправлен вылет из-за Миража</title>
      <link>https://arzamas-16.ru/apex-legends-patch-mirage/</link>
      <pubDate>Tue, 19 Feb 2019 04:41:11 +0300</pubDate>
      
      <guid>https://arzamas-16.ru/apex-legends-patch-mirage/</guid>
      <description>Программисты игры Apex Legends выкатили второе обновление. По всей видимости, это подготовительный патч перед началом первого сезона в Apex Legends. Исправлен вылет игры из-за способности Миража. Кроме того, исправлена ошибка с медленным перемещением персонажа после воскрешения. Заплатка вышла на всех платформах.
Итак, полный список изменений не такой большой:
 исправлены вылеты на PS4.  исправлена ошибка с медленным передвижением персонажа после воскрешения.  исправлены вылеты из-за способности Миража.  </description>
    </item>
    
    <item>
      <title>Новый режим в Apex Legends - Survival Game</title>
      <link>https://arzamas-16.ru/apex-legends-survival-game/</link>
      <pubDate>Sun, 17 Feb 2019 04:41:11 +0300</pubDate>
      
      <guid>https://arzamas-16.ru/apex-legends-survival-game/</guid>
      <description>В Apex Legends появится новый режим: Survival Game. Он будет либо одиночным, либо режимом с элементами PvE, то есть живым игрокам придется сражаться с ботами, которыми управляет искусственный интеллект. В очередной раз планы разработчиков в сеть слили датамейнеры. По их словам, в игре также появятся интерактивные зрители и комментаторы, которые будут реагировать на события, происходящие в матче: аплодировать, кричать, петь и так далее.
Виртуальные комментаторы будут «заводить толпу» эмоциональными репликами. Есть вероятность, что доступ к ним откроется лишь за допольнительную плату, как это есть например в Fortnite.</description>
    </item>
    
    <item>
      <title>Робот Чаппи - в Apex Legends?</title>
      <link>https://arzamas-16.ru/apex-legends-robot-chappy/</link>
      <pubDate>Sun, 17 Feb 2019 04:31:11 +0300</pubDate>
      
      <guid>https://arzamas-16.ru/apex-legends-robot-chappy/</guid>
      <description>Робот Чаппи мог бы стать героем Apex Legends. К такому мнению пришли Нил Бломкамп, режиссер «Робот по имени Чаппи», и глава студии Respawn Entertainment Винс Зампелла. Далеко не факт, что робот появится в Apex Legends. Необходимо предварительно провести множество юридическо-бюрократической работы, особенно в части авторского права. Но поскольку Бломкамп и Зампелла публично высказали своё одобрение идеи, шансы всё-таки есть.
Если кто вдруг не знает: «Робот по имени Чаппи» — третий и пока последний полнометражный фильм Бломкампа.</description>
    </item>
    
    <item>
      <title>О планах развития Apex Legends</title>
      <link>https://arzamas-16.ru/apex-legends-plany-razvitiya.html</link>
      <pubDate>Sat, 16 Feb 2019 04:31:11 +0300</pubDate>
      
      <guid>https://arzamas-16.ru/apex-legends-plany-razvitiya.html</guid>
      <description>Разработчики игры сообщили о планах развития Apex Legends. Так, уже в марте нас ждет &amp;ldquo;Боевой пропуск&amp;rdquo;, который позволит получить доступ к соревновательным сезонам. В период с мая по июнь выйдут новые герои, новое оружие добавят в третьем сезоне, который завершится в сентябре. Новые трофеи нас ждут в 4 сезоне, который закончится одновременно с 2019 годом.</description>
    </item>
    
    <item>
      <title>Проблемы с подключением к Apex Legends</title>
      <link>https://arzamas-16.ru/apex-legends-ne-rabotaet.html</link>
      <pubDate>Sat, 16 Feb 2019 04:31:11 +0300</pubDate>
      
      <guid>https://arzamas-16.ru/apex-legends-ne-rabotaet.html</guid>
      <description>Разработчики игры сообщили о проблемах с подключением к Apex Legends в ночь с пятницы на субботу, 16 февраля. Они просят игроков набраться терпения и подождать, когда технические службы починят сервера. Дело в том, что онлайн игры слишком большой и серверные мощности не всегда выдерживают нагрузку. Однако каждый день сотрудники поддержки Apex Legends работают над стабилизацией игры и увеличением серверных мощностей, поэтому в будущем стабильности игры возрастет.</description>
    </item>
    
    <item>
      <title>Два миллиона человек играли одновременно в Apex Legends</title>
      <link>https://arzamas-16.ru/apex-legends-online-over-2-mln.html</link>
      <pubDate>Fri, 15 Feb 2019 04:31:11 +0300</pubDate>
      
      <guid>https://arzamas-16.ru/apex-legends-online-over-2-mln.html</guid>
      <description>Разработчик игр Винс Зампелла рассказал, что после выхода Apex Legends в прошлый понедельник у игры уже появилось преданное сообщество с массой отзывов и отличных идей. Цель разработчиков - совершенствовать игру совместно с игроками, поэтому программисты с нетерпением ждут обратной связи и призывают не стесняться ею делиться.
Винс Зампелла пока не раскрывает все карты о грядущих обновлениях, но обещает развивать игру, основываясь на ваших отзывах, впечатлениях, делится планами на самое ближайшее время:</description>
    </item>
    
    <item>
      <title>Персонажи в Apex Legends</title>
      <link>https://arzamas-16.ru/apex-legends-heroes/</link>
      <pubDate>Fri, 15 Feb 2019 04:31:11 +0300</pubDate>
      
      <guid>https://arzamas-16.ru/apex-legends-heroes/</guid>
      <description>Всего в Apex Legends восемь персонажей. Для более подробной информации о каждом нажмите на его имя. Перед игрой желательно выучить способности какого-то одного персонажа, чтобы лучше ориентироваться в игровом процессе. Для этого служат гайды, которые содержатся в конце статей. Но важен и игровой опыт. Постепенно вы научитесь играть за разных героев и выбирать их в зависимоти от того, кого выбрали ваши партнеры по команде. Итак, список героев Apex сейчас таков:</description>
    </item>
    
    <item>
      <title>Bangalore - герой в Apex Legends</title>
      <link>https://arzamas-16.ru/apex-bangalore/</link>
      <pubDate>Wed, 13 Feb 2019 04:31:11 +0300</pubDate>
      
      <guid>https://arzamas-16.ru/apex-bangalore/</guid>
      <description>Настоящее имя: Анита Уильямс Возраст: 35 Тактическая способность: Дымовая граната Пассивная способность: Ускоренный марш Спецспособность: Раскаты грома  Герой в Apex Legends - Bangalore родилась в семье военных и поэтому стала профессиональным солдатом, как и её родители и 4 брата. Она несла службу в вооруженных силах IMC, где с самых ранних лет показала себя с самой лучшей стороны. Бангалор стала лучшей в своем классе в военной академии и уникальной из курсантов, кто сумел разобрать «Миротворец», оборудовать его «Точным чоком» и собрать обратно менее чем за двадцать секунд (с завязанными глазами).</description>
    </item>
    
    <item>
      <title>Bloodhound - герой в Apex Legends</title>
      <link>https://arzamas-16.ru/apex-bloodhound/</link>
      <pubDate>Wed, 13 Feb 2019 04:31:11 +0300</pubDate>
      
      <guid>https://arzamas-16.ru/apex-bloodhound/</guid>
      <description>Бладхаунд сыскал себе славу во Внешних землях как один из величайших охотников на всем Фронтире. Однако это и осталось единственным, что точно известно о нем. Кто же это на самом деле? Никто не знает. Тайна, а вокруг тайны всегда целый рой слухов: сказочный ли богач, или кровожадный убийца, или заклинатель голиафов, а может, бывший раб или наполовину летучая мышь — теорий много, и версии разнятся в зависимости от рассказчика.
О Бладхаунде известно, что это грозный соперник, с которым на играх Apex нужно считаться.</description>
    </item>
    
    <item>
      <title>Caustic - герой в Apex Legends</title>
      <link>https://arzamas-16.ru/apex-caustic/</link>
      <pubDate>Wed, 13 Feb 2019 04:31:11 +0300</pubDate>
      
      <guid>https://arzamas-16.ru/apex-caustic/</guid>
      <description>Когда Каустика еще не было, в компании «Хамберт Лабс» — ведущем производителе газов-пестицидов Фронтира — работал ученый Александр Нокс. Необходимых для защиты посевов растущих колоний Фронтира пестицидов на рынке было в избытке, поэтому «Хамберт Лабс» постоянно работала над новыми, более сильными составами. Нокс был одним из самых перспективных ученых компании. Он работал над созданием новых газов днем и ночью. Но чтобы убедиться в их работоспособности, ему необходимо было нечто большее, чем образец ткани: ему нужны были живые организмы.</description>
    </item>
    
    <item>
      <title>Gibraltar - герой в Apex Legends</title>
      <link>https://arzamas-16.ru/apex-gibraltar/</link>
      <pubDate>Wed, 13 Feb 2019 04:31:11 +0300</pubDate>
      
      <guid>https://arzamas-16.ru/apex-gibraltar/</guid>
      <description>Гибралтар — кроткий великан, в котором есть и дикая сторона. Сын волонтеров ПСАУ (Поисково-спасательной ассоциации утешения), он всегда умел вытаскивать других из опасных ситуаций, которые нередки во Внешних землях. Однако цену защите других он осознал лишь после того, как стащил со своим парнем мотоцикл отца ради развлечений и угодил в мощный селевой поток. Родителям удалось его спасти, но из-за этого его отец лишился руки. Гибралтар не забыл его подвиг и посвятил всю жизнь помощи тем, кто нуждается в ней.</description>
    </item>
    
    <item>
      <title>Lifeline - герой в Apex Legends</title>
      <link>https://arzamas-16.ru/apex-lifeline/</link>
      <pubDate>Wed, 13 Feb 2019 04:31:11 +0300</pubDate>
      
      <guid>https://arzamas-16.ru/apex-lifeline/</guid>
      <description>Аджей Че, известная как Лайфлайн, — не тот человек, которого ожидаешь увидеть на Играх Apex. Дочь богатых военных спекулянтов, она сбежала из дома, когда узнала о вреде, нанесенном ее родными, и записалась в Корпус Фронтира — благотворительную организацию, помогающую бедствующим поселениям на Фронтире. С тех пор вся ее жизнь посвящена заботе о других, а в Играх Apex она участвует, чтобы выиграть средства для Корпуса Фронтира.
Поскольку среди участников Игр нет безвинных овечек (все знали, на что подписываются!</description>
    </item>
    
    <item>
      <title>Mirage - герой в Apex Legends</title>
      <link>https://arzamas-16.ru/apex-mirage/</link>
      <pubDate>Wed, 13 Feb 2019 04:31:11 +0300</pubDate>
      
      <guid>https://arzamas-16.ru/apex-mirage/</guid>
      <description>Мираж из тех, что любят выделяться. Будучи младшим из четырех братьев, он в совершенстве освоил искусство дурачиться, стремясь заполучить внимание. Единственное, к чему он относится серьезно, — это технология голопилота. С тех пор как мать-инженер познакомила его с искусством создания иллюзий, он все свое время проводил за механизмами, пока не узнал о них все, что мог. Даже когда его братья пропали без вести во время войны на Фронтире, Мираж продолжал разрабатывать голоустройства вместе с матерью, и эта работа сблизила их.</description>
    </item>
    
    <item>
      <title>Pathfinder - герой в Apex Legends</title>
      <link>https://arzamas-16.ru/apex-pathfinder/</link>
      <pubDate>Wed, 13 Feb 2019 04:31:11 +0300</pubDate>
      
      <guid>https://arzamas-16.ru/apex-pathfinder/</guid>
      <description>Патфайндер — образец оптимизма, невзирая на обстоятельства. МРВН (Мобильный Роботизированный Всецелевой Напарник), настроенный для разведки и съемки местности. Он включился несколько десятилетий назад в заброшенной лаборатории, не имея представления о том, кто и зачем его создал. Не зная ничего, кроме своей МРВН-классификации, Патфайндер отправился на поиски своего создателя.
С тех пор Патфайндер многое узнал в своих странствиях (например, как приготовить дрянное рагу из левиафана по-восточному), но к нахождению создателя так и не приблизился.</description>
    </item>
    
    <item>
      <title>Wraith - герой в Apex Legends</title>
      <link>https://arzamas-16.ru/apex-wraith/</link>
      <pubDate>Wed, 13 Feb 2019 04:31:11 +0300</pubDate>
      
      <guid>https://arzamas-16.ru/apex-wraith/</guid>
      <description>Рэйф — боец-вихрь, способный проводить молниеносные и смертоносные атаки, а также манипулировать пространством-временем, создавая разломы в ткани реальности. Но она не представляет, как научилась этому. Несколько лет назад она очнулась в тюрьме IMC для психически больных, ничего не помня о своей прошлой жизни. Она также начала слышать в своей голове отдаленный голос, который что-то нашептывал ей, не давая заснуть дни напролет. Он сводил ее с ума, но однажды Рэйф решила прислушаться к этому голосу, и тот помог ей овладеть новообретенным умением управлять Пустотой и сбежать из заключения.</description>
    </item>
    
    <item>
      <title>Где и как скачать 下载 Apex Legends?</title>
      <link>https://arzamas-16.ru/apex-legends-skachat/</link>
      <pubDate>Wed, 13 Feb 2019 04:31:11 +0300</pubDate>
      
      <guid>https://arzamas-16.ru/apex-legends-skachat/</guid>
      <description>Apex Legends бесплатен. Его можно скачать и установить через специальное приложение лаунчер от издателя EA, который называется Origin. Для установки Apex Legends необходимо сначала скачать Origin по ссылке: https://www.origin.com/rus/ru-ru/store/download, а затем зарегистрироваться в случае если у вас нет учетной записи в Origin и после этого в программе выбрать Apex Legends и нажать установить.
Для наглядности служит видеогайд:
  </description>
    </item>
    
    <item>
      <title>Системные требования Apex Legends</title>
      <link>https://arzamas-16.ru/apex-legends-systemnye-trebovaniya/</link>
      <pubDate>Wed, 13 Feb 2019 04:31:11 +0300</pubDate>
      
      <guid>https://arzamas-16.ru/apex-legends-systemnye-trebovaniya/</guid>
      <description>Системные требования для игры Apex Legends выглядят следующим образом:
Минимальные:
 Операционная система: 64-разрядная версия Windows 7 CPU: четырехъядерный CPU Intel Core i3-6300 3,8 ГГц / AMD FX-4350 4,2 ГГц Оперативная память: 6 ГБ Видеоадаптер: NVIDIA GeForce GT 640 / Radeon HD 7730 Память видеоадаптера: 1 ГБ Емкость HDD: не менее 22 ГБ свободного места  Компьютер с минимальными требованиям, позволит относительно комфортно играть в Apex Legends. Однако если есть желание получить устойчивые 60 FPS, то компьтер должен быть таким:</description>
    </item>
    
    <item>
      <title>Что такое Apex Legends?</title>
      <link>https://arzamas-16.ru/chto-takoe-apex-legends/</link>
      <pubDate>Wed, 13 Feb 2019 04:31:11 +0300</pubDate>
      
      <guid>https://arzamas-16.ru/chto-takoe-apex-legends/</guid>
      <description>Apex Legends — бесплатный многопользовательский шутер от первого лица. Это королевская битва. Ее разработала студия Respawn Entertainment и выпущена Electronic Arts для платформ Windows, PlayStation 4 и Xbox One в 2019 году.
События в шутере развиваются во вселенной игр Titanfall и Titanfall 2, поэтому в игре местами встречаются похожие игровые механики. На одной карте в Apex Legends одновременно играют до 60 игроков. Однако в отличие от других игра в жанре &amp;ldquo;королевская битва&amp;rdquo;, игроки объеденены в команды по три человека.</description>
    </item>
    
    <item>
      <title>Контакты</title>
      <link>https://arzamas-16.ru/contacts/</link>
      <pubDate>Sat, 22 Oct 2016 10:27:34 +0400</pubDate>
      
      <guid>https://arzamas-16.ru/contacts/</guid>
      <description>&lt;h2&gt;Контакты&lt;/h2&gt;

&lt;p&gt;По всем вопросам следует обращаться по электронной почте: admin@arzamas-16.ru&lt;/p&gt;</description>
    </item>
    
    <item>
      <title>О нас</title>
      <link>https://arzamas-16.ru/about/</link>
      <pubDate>Tue, 13 Sep 2016 12:16:46 +0400</pubDate>
      
      <guid>https://arzamas-16.ru/about/</guid>
      <description>&lt;p&gt;Тестовая страница&lt;/p&gt;</description>
    </item>
    
    <item>
      <title></title>
      <link>https://arzamas-16.ru/arzamas/</link>
      <pubDate>Mon, 01 Jan 0001 00:00:00 +0000</pubDate>
      
      <guid>https://arzamas-16.ru/arzamas/</guid>
      <description>Город Арзамасhtml, body, #map {width: 100%; height: 100%; padding: 0; margin: 0;}</description>
    </item>
    
    <item>
      <title></title>
      <link>https://arzamas-16.ru/diveevo/</link>
      <pubDate>Mon, 01 Jan 0001 00:00:00 +0000</pubDate>
      
      <guid>https://arzamas-16.ru/diveevo/</guid>
      <description>Село Дивеевоhtml, body, #map {width: 100%; height: 100%; padding: 0; margin: 0;}</description>
    </item>
    
    <item>
      <title></title>
      <link>https://arzamas-16.ru/sarov/</link>
      <pubDate>Mon, 01 Jan 0001 00:00:00 +0000</pubDate>
      
      <guid>https://arzamas-16.ru/sarov/</guid>
      <description>Город Саровhtml, body, #map {width: 100%; height: 100%; padding: 0; margin: 0;}</description>
    </item>
    
  </channel>
</rss>