<?xml version="1.0" encoding="utf-8" standalone="yes" ?>
<rss version="2.0" xmlns:atom="http://www.w3.org/2005/Atom">
  <channel>
    <title>Pages on Apex Legends и Overwatch</title>
    <link>https://arzamas-16.ru/pages/</link>
    <description>Recent content in Pages on Apex Legends и Overwatch</description>
    <generator>Hugo -- gohugo.io</generator>
    <language>ru</language>
    <lastBuildDate>Fri, 15 Feb 2019 04:31:11 +0300</lastBuildDate>
    
	<atom:link href="https://arzamas-16.ru/pages/index.xml" rel="self" type="application/rss+xml" />
    
    
    <item>
      <title>Персонажи в Apex Legends</title>
      <link>https://arzamas-16.ru/apex-legends-heroes/</link>
      <pubDate>Fri, 15 Feb 2019 04:31:11 +0300</pubDate>
      
      <guid>https://arzamas-16.ru/apex-legends-heroes/</guid>
      <description>Всего в Apex Legends восемь персонажей. Для более подробной информации о каждом нажмите на его имя. Перед игрой желательно выучить способности какого-то одного персонажа, чтобы лучше ориентироваться в игровом процессе. Для этого служат гайды, которые содержатся в конце статей. Но важен и игровой опыт. Постепенно вы научитесь играть за разных героев и выбирать их в зависимоти от того, кого выбрали ваши партнеры по команде. Итак, список героев Apex сейчас таков:</description>
    </item>
    
    <item>
      <title>Bangalore - герой в Apex Legends</title>
      <link>https://arzamas-16.ru/apex-bangalore/</link>
      <pubDate>Wed, 13 Feb 2019 04:31:11 +0300</pubDate>
      
      <guid>https://arzamas-16.ru/apex-bangalore/</guid>
      <description>Настоящее имя: Анита Уильямс Возраст: 35 Тактическая способность: Дымовая граната Пассивная способность: Ускоренный марш Спецспособность: Раскаты грома  Герой в Apex Legends - Bangalore родилась в семье военных и поэтому стала профессиональным солдатом, как и её родители и 4 брата. Она несла службу в вооруженных силах IMC, где с самых ранних лет показала себя с самой лучшей стороны. Бангалор стала лучшей в своем классе в военной академии и уникальной из курсантов, кто сумел разобрать «Миротворец», оборудовать его «Точным чоком» и собрать обратно менее чем за двадцать секунд (с завязанными глазами).</description>
    </item>
    
    <item>
      <title>Bloodhound - герой в Apex Legends</title>
      <link>https://arzamas-16.ru/apex-bloodhound/</link>
      <pubDate>Wed, 13 Feb 2019 04:31:11 +0300</pubDate>
      
      <guid>https://arzamas-16.ru/apex-bloodhound/</guid>
      <description>Бладхаунд сыскал себе славу во Внешних землях как один из величайших охотников на всем Фронтире. Однако это и осталось единственным, что точно известно о нем. Кто же это на самом деле? Никто не знает. Тайна, а вокруг тайны всегда целый рой слухов: сказочный ли богач, или кровожадный убийца, или заклинатель голиафов, а может, бывший раб или наполовину летучая мышь — теорий много, и версии разнятся в зависимости от рассказчика.
О Бладхаунде известно, что это грозный соперник, с которым на играх Apex нужно считаться.</description>
    </item>
    
    <item>
      <title>Caustic - герой в Apex Legends</title>
      <link>https://arzamas-16.ru/apex-caustic/</link>
      <pubDate>Wed, 13 Feb 2019 04:31:11 +0300</pubDate>
      
      <guid>https://arzamas-16.ru/apex-caustic/</guid>
      <description>Когда Каустика еще не было, в компании «Хамберт Лабс» — ведущем производителе газов-пестицидов Фронтира — работал ученый Александр Нокс. Необходимых для защиты посевов растущих колоний Фронтира пестицидов на рынке было в избытке, поэтому «Хамберт Лабс» постоянно работала над новыми, более сильными составами. Нокс был одним из самых перспективных ученых компании. Он работал над созданием новых газов днем и ночью. Но чтобы убедиться в их работоспособности, ему необходимо было нечто большее, чем образец ткани: ему нужны были живые организмы.</description>
    </item>
    
    <item>
      <title>Gibraltar - герой в Apex Legends</title>
      <link>https://arzamas-16.ru/apex-gibraltar/</link>
      <pubDate>Wed, 13 Feb 2019 04:31:11 +0300</pubDate>
      
      <guid>https://arzamas-16.ru/apex-gibraltar/</guid>
      <description>Гибралтар — кроткий великан, в котором есть и дикая сторона. Сын волонтеров ПСАУ (Поисково-спасательной ассоциации утешения), он всегда умел вытаскивать других из опасных ситуаций, которые нередки во Внешних землях. Однако цену защите других он осознал лишь после того, как стащил со своим парнем мотоцикл отца ради развлечений и угодил в мощный селевой поток. Родителям удалось его спасти, но из-за этого его отец лишился руки. Гибралтар не забыл его подвиг и посвятил всю жизнь помощи тем, кто нуждается в ней.</description>
    </item>
    
    <item>
      <title>Lifeline - герой в Apex Legends</title>
      <link>https://arzamas-16.ru/apex-lifeline/</link>
      <pubDate>Wed, 13 Feb 2019 04:31:11 +0300</pubDate>
      
      <guid>https://arzamas-16.ru/apex-lifeline/</guid>
      <description>Аджей Че, известная как Лайфлайн, — не тот человек, которого ожидаешь увидеть на Играх Apex. Дочь богатых военных спекулянтов, она сбежала из дома, когда узнала о вреде, нанесенном ее родными, и записалась в Корпус Фронтира — благотворительную организацию, помогающую бедствующим поселениям на Фронтире. С тех пор вся ее жизнь посвящена заботе о других, а в Играх Apex она участвует, чтобы выиграть средства для Корпуса Фронтира.
Поскольку среди участников Игр нет безвинных овечек (все знали, на что подписываются!</description>
    </item>
    
    <item>
      <title>Mirage - герой в Apex Legends</title>
      <link>https://arzamas-16.ru/apex-mirage/</link>
      <pubDate>Wed, 13 Feb 2019 04:31:11 +0300</pubDate>
      
      <guid>https://arzamas-16.ru/apex-mirage/</guid>
      <description>Мираж из тех, что любят выделяться. Будучи младшим из четырех братьев, он в совершенстве освоил искусство дурачиться, стремясь заполучить внимание. Единственное, к чему он относится серьезно, — это технология голопилота. С тех пор как мать-инженер познакомила его с искусством создания иллюзий, он все свое время проводил за механизмами, пока не узнал о них все, что мог. Даже когда его братья пропали без вести во время войны на Фронтире, Мираж продолжал разрабатывать голоустройства вместе с матерью, и эта работа сблизила их.</description>
    </item>
    
    <item>
      <title>Pathfinder - герой в Apex Legends</title>
      <link>https://arzamas-16.ru/apex-pathfinder/</link>
      <pubDate>Wed, 13 Feb 2019 04:31:11 +0300</pubDate>
      
      <guid>https://arzamas-16.ru/apex-pathfinder/</guid>
      <description>Патфайндер — образец оптимизма, невзирая на обстоятельства. МРВН (Мобильный Роботизированный Всецелевой Напарник), настроенный для разведки и съемки местности. Он включился несколько десятилетий назад в заброшенной лаборатории, не имея представления о том, кто и зачем его создал. Не зная ничего, кроме своей МРВН-классификации, Патфайндер отправился на поиски своего создателя.
С тех пор Патфайндер многое узнал в своих странствиях (например, как приготовить дрянное рагу из левиафана по-восточному), но к нахождению создателя так и не приблизился.</description>
    </item>
    
    <item>
      <title>Wraith - герой в Apex Legends</title>
      <link>https://arzamas-16.ru/apex-wraith/</link>
      <pubDate>Wed, 13 Feb 2019 04:31:11 +0300</pubDate>
      
      <guid>https://arzamas-16.ru/apex-wraith/</guid>
      <description>Рэйф — боец-вихрь, способный проводить молниеносные и смертоносные атаки, а также манипулировать пространством-временем, создавая разломы в ткани реальности. Но она не представляет, как научилась этому. Несколько лет назад она очнулась в тюрьме IMC для психически больных, ничего не помня о своей прошлой жизни. Она также начала слышать в своей голове отдаленный голос, который что-то нашептывал ей, не давая заснуть дни напролет. Он сводил ее с ума, но однажды Рэйф решила прислушаться к этому голосу, и тот помог ей овладеть новообретенным умением управлять Пустотой и сбежать из заключения.</description>
    </item>
    
    <item>
      <title>Где и как скачать 下载 Apex Legends?</title>
      <link>https://arzamas-16.ru/apex-legends-skachat/</link>
      <pubDate>Wed, 13 Feb 2019 04:31:11 +0300</pubDate>
      
      <guid>https://arzamas-16.ru/apex-legends-skachat/</guid>
      <description>Apex Legends бесплатен. Его можно скачать и установить через специальное приложение лаунчер от издателя EA, который называется Origin. Для установки Apex Legends необходимо сначала скачать Origin по ссылке: https://www.origin.com/rus/ru-ru/store/download, а затем зарегистрироваться в случае если у вас нет учетной записи в Origin и после этого в программе выбрать Apex Legends и нажать установить.
Для наглядности служит видеогайд:
  </description>
    </item>
    
    <item>
      <title>Системные требования Apex Legends</title>
      <link>https://arzamas-16.ru/apex-legends-systemnye-trebovaniya/</link>
      <pubDate>Wed, 13 Feb 2019 04:31:11 +0300</pubDate>
      
      <guid>https://arzamas-16.ru/apex-legends-systemnye-trebovaniya/</guid>
      <description>Системные требования для игры Apex Legends выглядят следующим образом:
Минимальные:
 Операционная система: 64-разрядная версия Windows 7 CPU: четырехъядерный CPU Intel Core i3-6300 3,8 ГГц / AMD FX-4350 4,2 ГГц Оперативная память: 6 ГБ Видеоадаптер: NVIDIA GeForce GT 640 / Radeon HD 7730 Память видеоадаптера: 1 ГБ Емкость HDD: не менее 22 ГБ свободного места  Компьютер с минимальными требованиям, позволит относительно комфортно играть в Apex Legends. Однако если есть желание получить устойчивые 60 FPS, то компьтер должен быть таким:</description>
    </item>
    
    <item>
      <title>Что такое Apex Legends?</title>
      <link>https://arzamas-16.ru/chto-takoe-apex-legends/</link>
      <pubDate>Wed, 13 Feb 2019 04:31:11 +0300</pubDate>
      
      <guid>https://arzamas-16.ru/chto-takoe-apex-legends/</guid>
      <description>Apex Legends — бесплатный многопользовательский шутер от первого лица. Это королевская битва. Ее разработала студия Respawn Entertainment и выпущена Electronic Arts для платформ Windows, PlayStation 4 и Xbox One в 2019 году.
События в шутере развиваются во вселенной игр Titanfall и Titanfall 2, поэтому в игре местами встречаются похожие игровые механики. На одной карте в Apex Legends одновременно играют до 60 игроков. Однако в отличие от других игра в жанре &amp;ldquo;королевская битва&amp;rdquo;, игроки объеденены в команды по три человека.</description>
    </item>
    
  </channel>
</rss>