[{"_": "Message", "id": 4327, "peer_id": {"_": "PeerChannel", "channel_id": 1137190853}, "date": "2022-09-07T06:01:32+00:00", "message": "САРОВ. ДЕНЬ В ИСТОРИИ: 7 СЕНТЯБРЯ\n\n🗄️1907 года. В селе Глухово у И.И. Гаренкова арендована усадьба для обустройства монастырского подворья\n🗄️1966 года. Введен в эксплуатацию клуб воинской части со зрительным залом на\n600 мест.", "out": false, "mentioned": false, "media_unread": false, "silent": false, "post": true, "from_scheduled": false, "legacy": false, "edit_hide": true, "pinned": false, "from_id": null, "fwd_from": null, "via_bot_id": null, "reply_to": null, "media": {"_": "MessageMediaPhoto", "photo": {"_": "Photo", "id": 5242611345956913212, "access_hash": 624054158975203341, "file_reference": [2, 67, 200, 39, 197, 0, 0, 16, 231, 99, 24, 60, 61, 52, 211, 244, 98, 14, 39, 87, 176, 60, 109, 136, 221, 102, 21, 243, 110], "date": "2022-09-07T06:01:32+00:00", "sizes": [{"_": "PhotoStrippedSize", "type": "i", "bytes": [1, 40, 40, 98, 204, 155, 115, 192, 239, 71, 154, 165, 136, 36, 0, 59, 213, 33, 184, 211, 148, 99, 5, 136, 250, 84, 140, 179, 247, 157, 112, 193, 135, 60, 10, 177, 20, 97, 71, 44, 42, 162, 72, 185, 3, 0, 115, 212, 118, 171, 71, 27, 55, 3, 156, 117, 169, 99, 39, 192, 199, 81, 69, 86, 89, 144, 156, 6, 162, 158, 172, 69, 46, 65, 235, 205, 60, 14, 157, 243, 70, 208, 65, 63, 149, 73, 24, 220, 157, 58, 250, 83, 29, 134, 148, 244, 231, 240, 160, 49, 7, 184, 30, 213, 63, 148, 124, 161, 39, 31, 78, 121, 168, 73, 249, 15, 167, 74, 7, 98, 44, 224, 147, 222, 138, 120, 64, 64, 42, 51, 142, 180, 80, 32, 83, 181, 179, 233, 78, 66, 161, 179, 146, 62, 148, 81, 65, 162, 138, 36, 87, 30, 94, 207, 49, 128, 244, 197, 69, 38, 220, 18, 135, 240, 197, 20, 80, 82, 138, 8, 217, 177, 242, 81, 69, 20, 24, 54, 127]}, {"_": "PhotoSize", "type": "m", "w": 320, "h": 320, "size": 28482}, {"_": "PhotoSize", "type": "x", "w": 800, "h": 800, "size": 110011}, {"_": "PhotoSize", "type": "y", "w": 1080, "h": 1080, "size": 137097}], "dc_id": 2, "has_stickers": false, "video_sizes": []}, "ttl_seconds": null}, "reply_markup": null, "entities": [], "views": 15, "forwards": 0, "replies": {"_": "MessageReplies", "replies": 0, "replies_pts": 6770, "comments": true, "recent_repliers": [], "channel_id": 1146204499, "max_id": null, "read_max_id": null}, "edit_date": "2022-09-07T06:01:36+00:00", "post_author": null, "grouped_id": null, "restriction_reason": [], "ttl_period": null}, {"_": "Message", "id": 4326, "peer_id": {"_": "PeerChannel", "channel_id": 1137190853}, "date": "2022-09-07T04:00:38+00:00", "message": "ЧТО СЕГОДНЯ ОТМЕЧАЕМ?\n\n7 сентября - День любителя пива\n\nНе успели любители пива отметить Международный день пива в первую пятницу августа, как подоспел ещё один тематический праздник. 7 сентября поздравления принимают любители этого пенного слабоалкогольного напитка.\n\nСреди ценителей и просто потребителей встречаются по истине уникальные люди. Например Стивен Петросино попал в Книгу рекордов Гиннеса, когда в 1977 году на соревновании проглотил литр пива за 1,3 секунды. Тем самым Петросино опередил своего предшественника Питера Даудсвелла, который двумя годами ранее выпил чуть больше литра за 2,3 секунды. Быстрее расправиться с литром пива никто до сих пор не может, так рекорд и остался не побитым с 1977 года.\n\nОбычно считается, что пиво - недорогой напиток, но бывают исключения. Например в 1981 году баночка пива  Rosalie Pilsner была продана за $6000. Это коллекционный сорт, который выпускался ограниченными партиями.\n\nТак что пиво и его любители— способны удивлять", "out": false, "mentioned": false, "media_unread": false, "silent": false, "post": true, "from_scheduled": false, "legacy": true, "edit_hide": false, "pinned": false, "from_id": null, "fwd_from": null, "via_bot_id": null, "reply_to": null, "media": {"_": "MessageMediaPhoto", "photo": {"_": "Photo", "id": 5242611345956913174, "access_hash": 5841278981946532235, "file_reference": [2, 67, 200, 39, 197, 0, 0, 16, 230, 99, 24, 60, 61, 217, 197, 225, 218, 237, 128, 39, 27, 248, 190, 31, 122, 122, 231, 25, 122], "date": "2022-09-07T04:00:38+00:00", "sizes": [{"_": "PhotoStrippedSize", "type": "i", "bytes": [1, 33, 40, 111, 152, 3, 99, 107, 30, 112, 72, 21, 33, 192, 96, 58, 102, 145, 193, 200, 80, 188, 103, 239, 30, 245, 41, 70, 104, 220, 171, 133, 112, 50, 6, 42, 185, 244, 39, 147, 84, 103, 223, 28, 148, 61, 136, 166, 91, 197, 28, 138, 230, 73, 2, 96, 113, 239, 68, 229, 164, 8, 217, 224, 231, 0, 241, 143, 106, 136, 39, 169, 31, 157, 75, 119, 41, 43, 13, 162, 148, 174, 59, 143, 206, 138, 0, 215, 218, 49, 255, 0, 215, 168, 255, 0, 214, 137, 19, 113, 82, 49, 243, 14, 217, 163, 207, 143, 104, 253, 226, 126, 117, 92, 73, 184, 92, 186, 48, 225, 70, 62, 180, 134, 136, 101, 132, 193, 38, 215, 25, 31, 94, 180, 220, 174, 63, 213, 143, 206, 154, 242, 188, 184, 46, 197, 142, 59, 211, 105, 180, 23, 30, 196, 17, 194, 1, 248, 209, 76, 162, 149, 130, 227, 7, 90, 154, 15, 190, 244, 81, 77, 137, 17, 175, 74, 90, 40, 161, 128, 81, 69, 20, 1]}, {"_": "PhotoSize", "type": "m", "w": 320, "h": 268, "size": 22617}, {"_": "PhotoSize", "type": "x", "w": 800, "h": 671, "size": 94681}, {"_": "PhotoSize", "type": "y", "w": 940, "h": 788, "size": 102014}], "dc_id": 2, "has_stickers": false, "video_sizes": []}, "ttl_seconds": null}, "reply_markup": null, "entities": [], "views": 43, "forwards": 4, "replies": {"_": "MessageReplies", "replies": 0, "replies_pts": 6770, "comments": true, "recent_repliers": [], "channel_id": 1146204499, "max_id": null, "read_max_id": null}, "edit_date": "2022-09-07T05:07:14+00:00", "post_author": null, "grouped_id": null, "restriction_reason": [], "ttl_period": null}, {"_": "Message", "id": 4325, "peer_id": {"_": "PeerChannel", "channel_id": 1137190853}, "date": "2022-09-06T16:30:24+00:00", "message": "ЧТО ГДЕ ПРОИСХОДИТ В САРОВЕ 7 СЕНТЯБРЯ\n\n🏃Реализация проекта «Спорт – норма жизни»\n09:00-11:00 Уличный спортивный комплекс по ул.Куйбышева, 3\n19:00-12:00 Спортивно – игровая площадка по ул.Казамазова, 10\n16:00-19:00 Уличный спортивный комплекс на перекрёстке ул.Садовой и ул. П.Морозова (сквер МКР-22)\n\n⚽Стадион «Икар»\n18:00 Чемпионат города по футболу 2022 г. (1 лига) Авангард-Буревестник\n\n🏛️Городской музей (пр. Мира, 48, тел. 3-42-56)\n*Выставка фотографий Ильи Калашникова «CRAMEL.X 2K22» (Саров) (0+)\n*Выставка «Нам 65!» фотолетопись музея\n*Выставка «Солдаты России» (плакаты из фондов Городского музея)\n\n🖼️Художественная галерея (пр. Мира, 1, тел. 7-02-87)\n*Персональная выставка члена Московского союза художников Петра Безрукова «Мои голубые небеса» (0+), Живопись, Москва\n*Выставки из художественной и частных коллекций:\n«Осенний день» (0+) и «Улетаем мы на юг» (0+), Живопись, графика, Саров\n*11:00 «МУЛЬТ в кино» Выпуск 146: Ребята, давайте смотреть дружно» (0+)\nСборник анимационных фильмов. Россия. 2022. 45 минут\n\n🧸Музей народной игрушки (пр. Мира, 31, Тел. 6-64-94)\n«Нижегородская игрушка» выставка нижегородской народной игрушки из фондов музея (г.Саров) 0+\n\n🎨Художественный салон (пр.Мира,48, Тел.7-67-78)\nВыставка-продажа живописи  члена союза художников России Петра Безрукова\n«Цветы и море» (г. Москва)\n\n📚Центральная городская библиотека им.В.Маяковского (пр. Мира, 4 тел. 9-94-05)\n12:00 Исторический экскурс «Русской доблести пример» - к 210-летию со дня Бородинского сражения\n\n📖Центральная городская библиотека им.А.С.Пушкина (ул. Герцена, 13а, тел. 9-17-40)\n*Мастерилки «Моя Вообразилия» (к дню рождения детского писателя Б.Заходера) 6+\n*Выставка-реклама литературы нон-фикшн для подростков \"Твой кругозор\" 12+\n*Творческая мастерская \"Народная кукла Кувадка\" 6+\n*Эстетическая площадка «Осенний натюрморт» 6+\n*Презентация- информация «Нижегородцы в войне с Наполеоном» 6+\n\n🌳Парк культуры и отдыха им. П.М. Зернова (тел. 9-82-50,  9-82-60)\n16:00-20:00 Работают аттракционы парка", "out": false, "mentioned": false, "media_unread": false, "silent": false, "post": true, "from_scheduled": false, "legacy": false, "edit_hide": true, "pinned": false, "from_id": null, "fwd_from": null, "via_bot_id": null, "reply_to": null, "media": null, "reply_markup": null, "entities": [], "views": 43, "forwards": 0, "replies": {"_": "MessageReplies", "replies": 0, "replies_pts": 6770, "comments": true, "recent_repliers": [], "channel_id": 1146204499, "max_id": null, "read_max_id": null}, "edit_date": "2022-09-06T16:30:27+00:00", "post_author": null, "grouped_id": null, "restriction_reason": [], "ttl_period": null}, {"_": "Message", "id": 4324, "peer_id": {"_": "PeerChannel", "channel_id": 1137190853}, "date": "2022-09-06T16:30:23+00:00", "message": "", "out": false, "mentioned": false, "media_unread": false, "silent": false, "post": true, "from_scheduled": false, "legacy": false, "edit_hide": true, "pinned": false, "from_id": null, "fwd_from": null, "via_bot_id": null, "reply_to": null, "media": {"_": "MessageMediaPhoto", "photo": {"_": "Photo", "id": 5240098330527252144, "access_hash": 4871246931078169295, "file_reference": [2, 67, 200, 39, 197, 0, 0, 16, 228, 99, 24, 60, 61, 73, 116, 186, 222, 248, 238, 42, 112, 92, 17, 141, 91, 136, 87, 69, 204], "date": "2022-09-06T16:30:23+00:00", "sizes": [{"_": "PhotoStrippedSize", "type": "i", "bytes": [1, 40, 40, 198, 169, 18, 34, 196, 12, 227, 61, 0, 25, 38, 150, 36, 44, 115, 129, 207, 3, 53, 181, 107, 106, 177, 66, 8, 35, 145, 201, 160, 12, 191, 176, 204, 64, 43, 19, 227, 240, 168, 30, 38, 87, 42, 65, 200, 236, 70, 13, 116, 144, 245, 28, 83, 111, 224, 73, 162, 25, 31, 54, 112, 27, 184, 160, 103, 49, 69, 79, 113, 25, 70, 59, 128, 220, 14, 27, 20, 80, 34, 198, 154, 85, 166, 59, 198, 66, 169, 32, 102, 175, 76, 219, 195, 108, 97, 129, 201, 90, 200, 183, 96, 147, 2, 221, 58, 26, 215, 138, 221, 243, 151, 0, 41, 21, 44, 100, 77, 180, 158, 23, 20, 7, 84, 117, 60, 212, 147, 64, 34, 140, 182, 242, 106, 177, 201, 92, 156, 144, 181, 6, 214, 77, 16, 95, 56, 51, 101, 127, 137, 70, 104, 168, 38, 96, 210, 18, 58, 118, 162, 181, 49, 150, 250, 17, 213, 219, 93, 70, 72, 0, 70, 27, 208, 116, 29, 197, 20, 80, 34, 220, 247, 176, 201, 104, 78, 70, 227, 209, 123, 245, 172, 217, 46, 25, 193, 81, 194, 154, 40, 162, 200, 174, 103, 107, 16, 81, 69, 20, 18, 127]}, {"_": "PhotoSize", "type": "m", "w": 320, "h": 320, "size": 21227}, {"_": "PhotoSize", "type": "x", "w": 800, "h": 800, "size": 72281}, {"_": "PhotoSize", "type": "y", "w": 1080, "h": 1080, "size": 92403}], "dc_id": 2, "has_stickers": false, "video_sizes": []}, "ttl_seconds": null}, "reply_markup": null, "entities": [], "views": 40, "forwards": 0, "replies": {"_": "MessageReplies", "replies": 0, "replies_pts": 6770, "comments": true, "recent_repliers": [], "channel_id": 1146204499, "max_id": null, "read_max_id": null}, "edit_date": "2022-09-06T16:30:27+00:00", "post_author": null, "grouped_id": null, "restriction_reason": [], "ttl_period": null}, {"_": "Message", "id": 4323, "peer_id": {"_": "PeerChannel", "channel_id": 1137190853}, "date": "2022-09-06T08:10:23+00:00", "message": "Тепло в детских садах будет уже на этой неделе\nГлава города Алексей Сафонов дал соответствующее распоряжение.  \nНапомним, что подача тепла в дошкольные учреждения до начала общего отопительного периода в Сарове возможна благодаря реконструкции системы отопления, которая позволяет ей работать от горячего водоснабжения.  \nКроме того, департамент городского хозяйства начал мониторинг погодных условий. Тепло в дома поступит, когда температура на улице будет ниже 8 градусов в течение 5 дней.\n\n#ГОРОД", "out": false, "mentioned": false, "media_unread": false, "silent": false, "post": true, "from_scheduled": false, "legacy": true, "edit_hide": true, "pinned": false, "from_id": null, "fwd_from": null, "via_bot_id": null, "reply_to": null, "media": {"_": "MessageMediaPhoto", "photo": {"_": "Photo", "id": 5240098330527251733, "access_hash": -2970857443491832192, "file_reference": [2, 67, 200, 39, 197, 0, 0, 16, 227, 99, 24, 60, 61, 135, 192, 103, 255, 99, 50, 66, 255, 66, 5, 63, 234, 153, 187, 19, 223], "date": "2022-09-06T08:10:23+00:00", "sizes": [{"_": "PhotoStrippedSize", "type": "i", "bytes": [1, 22, 40, 83, 49, 84, 220, 216, 43, 68, 101, 29, 1, 61, 79, 106, 164, 119, 141, 161, 139, 21, 254, 117, 96, 202, 140, 20, 32, 235, 253, 41, 13, 19, 249, 74, 122, 82, 121, 4, 228, 246, 30, 180, 125, 56, 167, 41, 4, 237, 114, 113, 252, 233, 216, 46, 70, 35, 162, 157, 62, 98, 5, 145, 184, 29, 186, 209, 72, 119, 42, 73, 46, 247, 49, 109, 1, 88, 3, 74, 160, 3, 197, 20, 83, 36, 156, 26, 83, 247, 9, 247, 162, 138, 1, 3, 28, 180, 107, 234, 217, 252, 168, 162, 138, 69, 31]}, {"_": "PhotoSize", "type": "m", "w": 320, "h": 179, "size": 15008}, {"_": "PhotoSize", "type": "x", "w": 800, "h": 448, "size": 64236}, {"_": "PhotoSizeProgressive", "type": "y", "w": 1024, "h": 574, "sizes": [9376, 24548, 36257, 53520, 85469]}], "dc_id": 2, "has_stickers": false, "video_sizes": []}, "ttl_seconds": null}, "reply_markup": null, "entities": [{"_": "MessageEntityHashtag", "offset": 493, "length": 6}], "views": 55, "forwards": 1, "replies": {"_": "MessageReplies", "replies": 0, "replies_pts": 6770, "comments": true, "recent_repliers": [], "channel_id": 1146204499, "max_id": null, "read_max_id": null}, "edit_date": "2022-09-06T16:19:30+00:00", "post_author": null, "grouped_id": null, "restriction_reason": [], "ttl_period": null}, {"_": "Message", "id": 4322, "peer_id": {"_": "PeerChannel", "channel_id": 1137190853}, "date": "2022-09-06T07:40:24+00:00", "message": "В Сарове пройдет фестиваль народного костюма «Краса России»\nПо трем номинациям пройдет конкурс костюма: этнографический костюм, современный костюм, кукла в народном костюме.  \nФестиваль «Краса России» пройдет со 2 ноября по 8 декабря в Художественной галерее. Гостей ожидает: выставка народных костюмов, выставка «Кукла в народном костюме», мастер-классы по тематике фестиваля и конкурс народного костюма. Для детей старше шести лет.\n\n#КУЛЬТУРА", "out": false, "mentioned": false, "media_unread": false, "silent": false, "post": true, "from_scheduled": false, "legacy": false, "edit_hide": true, "pinned": false, "from_id": null, "fwd_from": null, "via_bot_id": null, "reply_to": null, "media": {"_": "MessageMediaPhoto", "photo": {"_": "Photo", "id": 5240098330527251688, "access_hash": 3198954747850991558, "file_reference": [2, 67, 200, 39, 197, 0, 0, 16, 226, 99, 24, 60, 61, 113, 126, 75, 152, 209, 114, 245, 155, 129, 138, 43, 125, 242, 111, 155, 244], "date": "2022-09-06T07:40:24+00:00", "sizes": [{"_": "PhotoStrippedSize", "type": "i", "bytes": [1, 40, 28, 208, 36, 0, 78, 77, 38, 125, 207, 229, 85, 139, 31, 53, 178, 185, 29, 168, 102, 37, 56, 76, 30, 220, 215, 49, 189, 139, 32, 143, 83, 78, 200, 245, 170, 202, 120, 0, 166, 125, 78, 105, 232, 223, 47, 221, 219, 237, 154, 46, 43, 17, 240, 79, 36, 143, 161, 164, 4, 5, 224, 156, 123, 154, 116, 113, 6, 132, 182, 220, 145, 234, 106, 188, 251, 226, 82, 184, 198, 225, 74, 197, 173, 93, 145, 54, 115, 201, 39, 7, 222, 141, 248, 232, 115, 245, 53, 10, 200, 8, 69, 11, 212, 115, 205, 40, 7, 190, 71, 208, 211, 113, 178, 37, 52, 221, 139, 73, 182, 52, 224, 228, 84, 55, 27, 37, 147, 36, 145, 129, 142, 40, 162, 170, 196, 198, 78, 247, 25, 28, 104, 14, 67, 177, 169, 89, 85, 142, 73, 52, 81, 86, 181, 86, 19, 94, 243, 103]}, {"_": "PhotoSize", "type": "m", "w": 226, "h": 320, "size": 28819}, {"_": "PhotoSize", "type": "x", "w": 566, "h": 800, "size": 127871}, {"_": "PhotoSizeProgressive", "type": "y", "w": 707, "h": 1000, "sizes": [12675, 38277, 74062, 108023, 164713]}], "dc_id": 2, "has_stickers": false, "video_sizes": []}, "ttl_seconds": null}, "reply_markup": null, "entities": [{"_": "MessageEntityHashtag", "offset": 435, "length": 9}], "views": 53, "forwards": 0, "replies": {"_": "MessageReplies", "replies": 0, "replies_pts": 6770, "comments": true, "recent_repliers": [], "channel_id": 1146204499, "max_id": null, "read_max_id": null}, "edit_date": "2022-09-06T07:40:27+00:00", "post_author": null, "grouped_id": null, "restriction_reason": [], "ttl_period": null}, {"_": "Message", "id": 4321, "peer_id": {"_": "PeerChannel", "channel_id": 1137190853}, "date": "2022-09-06T07:40:24+00:00", "message": "Саровчане приняли участие в слете военно-патриотических клубов\nФото: portal.glazov-gov.ru\n\nСлет «Молодежный АРСЕНАЛ» проходил со 2 по 4 сентября в Глазове. В нем участвовали команды из городов присутствия Госкорпорации «Росатом».  \nОни получили практические навыки военно-тактической подготовки от кадровых офицеров. Кроме того, в программу входила туристская эстафета, сплав на рафтах, интеллектуальный конкурс.  \nПо итогам конкурсов, саровчане заняли второе место в командном зачете.\n\n#ОБЩЕСТВО", "out": false, "mentioned": false, "media_unread": false, "silent": false, "post": true, "from_scheduled": false, "legacy": true, "edit_hide": true, "pinned": false, "from_id": null, "fwd_from": null, "via_bot_id": null, "reply_to": null, "media": {"_": "MessageMediaPhoto", "photo": {"_": "Photo", "id": 5240098330527251687, "access_hash": 8017566052478375029, "file_reference": [2, 67, 200, 39, 197, 0, 0, 16, 225, 99, 24, 60, 61, 107, 197, 44, 182, 219, 20, 233, 220, 203, 212, 88, 82, 142, 130, 132, 157], "date": "2022-09-06T07:40:24+00:00", "sizes": [{"_": "PhotoStrippedSize", "type": "i", "bytes": [1, 27, 40, 133, 227, 243, 48, 128, 5, 100, 25, 39, 28, 230, 155, 28, 207, 230, 237, 35, 62, 254, 148, 236, 151, 7, 99, 40, 220, 113, 207, 122, 107, 198, 51, 147, 40, 0, 12, 17, 220, 212, 148, 18, 72, 3, 48, 39, 20, 145, 221, 44, 82, 6, 25, 200, 231, 24, 165, 204, 108, 50, 59, 12, 19, 193, 38, 154, 219, 54, 109, 198, 63, 1, 72, 13, 79, 182, 150, 133, 72, 194, 187, 116, 205, 21, 68, 144, 90, 57, 56, 33, 123, 17, 69, 26, 134, 133, 37, 102, 217, 252, 205, 36, 42, 95, 35, 176, 4, 154, 80, 62, 83, 73, 25, 34, 57, 61, 215, 250, 213, 18, 62, 5, 253, 220, 142, 65, 192, 199, 78, 212, 59, 99, 130, 51, 232, 105, 240, 255, 0, 199, 140, 223, 133, 66, 255, 0, 234, 210, 144, 201, 22, 87, 0, 2, 113, 158, 115, 235, 69, 66, 15, 52, 80, 35]}, {"_": "PhotoSize", "type": "m", "w": 320, "h": 213, "size": 20930}, {"_": "PhotoSize", "type": "x", "w": 800, "h": 533, "size": 79341}, {"_": "PhotoSizeProgressive", "type": "y", "w": 1024, "h": 682, "sizes": [12263, 33950, 46078, 66431, 100974]}], "dc_id": 2, "has_stickers": false, "video_sizes": []}, "ttl_seconds": null}, "reply_markup": null, "entities": [{"_": "MessageEntityUrl", "offset": 69, "length": 20}, {"_": "MessageEntityHashtag", "offset": 487, "length": 9}], "views": 50, "forwards": 0, "replies": {"_": "MessageReplies", "replies": 0, "replies_pts": 6770, "comments": true, "recent_repliers": [], "channel_id": 1146204499, "max_id": null, "read_max_id": null}, "edit_date": "2022-09-06T08:00:31+00:00", "post_author": null, "grouped_id": null, "restriction_reason": [], "ttl_period": null}, {"_": "Message", "id": 4320, "peer_id": {"_": "PeerChannel", "channel_id": 1137190853}, "date": "2022-09-06T07:35:23+00:00", "message": "Три лицея Нижегородской области попали в топ-200 школ России\nРейтинг составило агентство РАЭКС-Аналитика. Учитывалось количество выпускников, поступивших в престижные ВУЗы страны.  \nТак, 52 место списка занял лицей № 15 имени академика Юлия Борисовича Харитона. На 95-м месте оказался саровский лицей №3.  \n103-ю строчку рейтинга занял лицей №40 Нижнего Новгорода.\n\n#ОБРАЗОВАНИЕ", "out": false, "mentioned": false, "media_unread": false, "silent": false, "post": true, "from_scheduled": false, "legacy": false, "edit_hide": true, "pinned": false, "from_id": null, "fwd_from": null, "via_bot_id": null, "reply_to": null, "media": {"_": "MessageMediaPhoto", "photo": {"_": "Photo", "id": 5240098330527251678, "access_hash": -1163860612012258600, "file_reference": [2, 67, 200, 39, 197, 0, 0, 16, 224, 99, 24, 60, 61, 191, 245, 219, 127, 140, 83, 107, 150, 186, 249, 27, 53, 110, 216, 9, 89], "date": "2022-09-06T07:35:23+00:00", "sizes": [{"_": "PhotoStrippedSize", "type": "i", "bytes": [1, 30, 40, 125, 177, 253, 238, 64, 198, 61, 42, 241, 115, 141, 219, 184, 30, 149, 66, 28, 7, 207, 221, 227, 154, 176, 143, 213, 71, 60, 117, 172, 162, 49, 183, 140, 76, 106, 197, 143, 7, 252, 255, 0, 42, 106, 146, 37, 57, 206, 237, 202, 88, 143, 106, 135, 80, 145, 148, 69, 233, 206, 69, 66, 183, 135, 204, 220, 195, 39, 32, 159, 194, 180, 17, 164, 36, 18, 49, 28, 50, 242, 14, 40, 170, 209, 92, 164, 173, 144, 140, 167, 60, 224, 102, 138, 0, 70, 146, 36, 57, 47, 192, 226, 156, 46, 97, 7, 59, 255, 0, 67, 89, 134, 101, 109, 192, 131, 206, 79, 79, 106, 97, 127, 155, 126, 59, 99, 20, 146, 43, 66, 253, 212, 137, 41, 76, 17, 142, 121, 252, 170, 162, 198, 76, 132, 130, 191, 157, 52, 62, 229, 11, 233, 65, 20, 196, 203, 182, 251, 226, 110, 177, 149, 56, 36, 3, 69, 82, 206, 56, 20, 80, 7]}, {"_": "PhotoSize", "type": "m", "w": 320, "h": 240, "size": 27542}, {"_": "PhotoSize", "type": "x", "w": 800, "h": 600, "size": 111000}, {"_": "PhotoSizeProgressive", "type": "y", "w": 1024, "h": 768, "sizes": [13844, 41925, 68029, 107344, 142672]}], "dc_id": 2, "has_stickers": false, "video_sizes": []}, "ttl_seconds": null}, "reply_markup": null, "entities": [{"_": "MessageEntityHashtag", "offset": 366, "length": 12}], "views": 49, "forwards": 0, "replies": {"_": "MessageReplies", "replies": 0, "replies_pts": 6770, "comments": true, "recent_repliers": [], "channel_id": 1146204499, "max_id": null, "read_max_id": null}, "edit_date": "2022-09-06T07:35:26+00:00", "post_author": null, "grouped_id": null, "restriction_reason": [], "ttl_period": null}, {"_": "Message", "id": 4319, "peer_id": {"_": "PeerChannel", "channel_id": 1137190853}, "date": "2022-09-06T07:25:23+00:00", "message": "Все меньше россиян могут позволить себе участие в благотворительности\nТаковы результаты опроса, проведенного фондом «Нужна помощь» .  \nВ прошлом году к финансовым пожертвованиям были готовы чуть более 44% опрошенных. Теперь эта цифра упала до 37%.  \nЗа год сократилось и количество россиян, регулярно участвующих в благотворительности.  \nОнлайн-исследование проводится ежегодно среди пользователей интернета из крупных городов с населением от 100 тысяч человек.  \nВ этот раз эксперты опросили 1200 совершеннолетних респондентов.\n\n#ОБЩЕСТВО", "out": false, "mentioned": false, "media_unread": false, "silent": false, "post": true, "from_scheduled": false, "legacy": false, "edit_hide": true, "pinned": false, "from_id": null, "fwd_from": null, "via_bot_id": null, "reply_to": null, "media": {"_": "MessageMediaPhoto", "photo": {"_": "Photo", "id": 5240098330527251669, "access_hash": 3767021667990429199, "file_reference": [2, 67, 200, 39, 197, 0, 0, 16, 223, 99, 24, 60, 61, 185, 159, 136, 242, 99, 228, 151, 171, 89, 127, 95, 177, 112, 53, 255, 98], "date": "2022-09-06T07:25:23+00:00", "sizes": [{"_": "PhotoStrippedSize", "type": "i", "bytes": [1, 26, 40, 80, 42, 181, 197, 211, 67, 33, 64, 156, 227, 130, 77, 79, 53, 194, 64, 188, 242, 221, 150, 171, 196, 10, 198, 110, 174, 65, 113, 156, 42, 159, 231, 88, 71, 187, 52, 101, 160, 216, 136, 72, 255, 0, 40, 192, 39, 61, 168, 200, 97, 145, 130, 15, 113, 77, 189, 185, 88, 164, 17, 188, 59, 163, 101, 207, 61, 77, 65, 52, 18, 199, 182, 120, 3, 4, 32, 29, 158, 159, 133, 46, 94, 225, 114, 114, 61, 168, 168, 227, 188, 142, 78, 15, 200, 125, 250, 81, 73, 169, 33, 232, 200, 237, 109, 126, 97, 36, 220, 159, 238, 159, 235, 82, 149, 55, 122, 130, 128, 216, 72, 177, 147, 73, 147, 131, 207, 106, 110, 157, 247, 27, 253, 234, 46, 245, 145, 92, 171, 99, 75, 80, 143, 206, 183, 204, 96, 25, 20, 229, 106, 164, 87, 172, 127, 117, 114, 54, 201, 234, 123, 212, 217, 56, 235, 84, 53, 30, 136, 105, 70, 94, 211, 221, 98, 229, 229, 212, 117, 213, 186, 72, 75, 47, 202, 223, 161, 162, 163, 183, 36, 196, 50, 77, 21, 124, 210, 142, 128, 226, 158, 167]}, {"_": "PhotoSize", "type": "m", "w": 320, "h": 210, "size": 12857}, {"_": "PhotoSize", "type": "x", "w": 800, "h": 524, "size": 38700}, {"_": "PhotoSizeProgressive", "type": "y", "w": 1024, "h": 671, "sizes": [8477, 15176, 22065, 28866, 46451]}], "dc_id": 2, "has_stickers": false, "video_sizes": []}, "ttl_seconds": null}, "reply_markup": null, "entities": [{"_": "MessageEntityHashtag", "offset": 530, "length": 9}], "views": 53, "forwards": 0, "replies": {"_": "MessageReplies", "replies": 0, "replies_pts": 6770, "comments": true, "recent_repliers": [], "channel_id": 1146204499, "max_id": null, "read_max_id": null}, "edit_date": "2022-09-06T07:25:26+00:00", "post_author": null, "grouped_id": null, "restriction_reason": [], "ttl_period": null}, {"_": "Message", "id": 4318, "peer_id": {"_": "PeerChannel", "channel_id": 1137190853}, "date": "2022-09-06T07:20:23+00:00", "message": "Около пятидесяти саровчан улучшат свои жилищные условия\nАдминистрация Сарова начала прием у подрядчика социального жилого дома на ул.Зернова,24.  \nПраво на застройку было дано с условием продажи застройщиком 30% квартир в доме муниципалитету. 9 трехкомнатных и 3 однокомнатных квартиры муниципалитет бесплатно передаст очередникам.  \nКвартиры будут предоставлены им с чистовой отделкой, электрическими плитами и сантехникой.  \nПолучить дополнительную информацию можно по телефонам: 9-77-51 или 9-77-52.\n\n#ГОРОД", "out": false, "mentioned": false, "media_unread": false, "silent": false, "post": true, "from_scheduled": false, "legacy": false, "edit_hide": true, "pinned": false, "from_id": null, "fwd_from": null, "via_bot_id": null, "reply_to": null, "media": {"_": "MessageMediaPhoto", "photo": {"_": "Photo", "id": 5240098330527251661, "access_hash": 8792155130770263839, "file_reference": [2, 67, 200, 39, 197, 0, 0, 16, 222, 99, 24, 60, 61, 236, 141, 28, 105, 55, 171, 140, 12, 133, 14, 220, 131, 9, 93, 55, 79], "date": "2022-09-06T07:20:23+00:00", "sizes": [{"_": "PhotoStrippedSize", "type": "i", "bytes": [1, 21, 40, 180, 154, 156, 13, 198, 27, 61, 134, 58, 208, 47, 144, 201, 183, 203, 35, 177, 201, 172, 187, 114, 3, 0, 71, 227, 83, 33, 30, 105, 108, 228, 102, 139, 138, 198, 178, 204, 152, 201, 12, 7, 169, 20, 237, 200, 70, 224, 195, 3, 222, 170, 173, 204, 96, 0, 65, 227, 218, 145, 102, 139, 4, 30, 191, 74, 46, 22, 46, 71, 42, 72, 50, 140, 24, 123, 81, 84, 52, 226, 17, 229, 24, 0, 31, 122, 40, 2, 49, 26, 51, 125, 197, 233, 253, 209, 82, 180, 97, 19, 35, 31, 128, 197, 20, 82, 99, 41, 27, 143, 47, 160, 99, 255, 0, 2, 255, 0, 235, 80, 215, 110, 65, 27, 87, 241, 205, 20, 80, 12, 150, 36, 121, 176, 198, 76, 125, 20, 81, 69, 21, 13, 177, 31]}, {"_": "PhotoSize", "type": "m", "w": 320, "h": 171, "size": 19347}, {"_": "PhotoSize", "type": "x", "w": 800, "h": 428, "size": 87560}, {"_": "PhotoSizeProgressive", "type": "y", "w": 1024, "h": 548, "sizes": [9339, 27185, 52133, 74456, 115067]}], "dc_id": 2, "has_stickers": false, "video_sizes": []}, "ttl_seconds": null}, "reply_markup": null, "entities": [{"_": "MessageEntityHashtag", "offset": 504, "length": 6}], "views": 55, "forwards": 0, "replies": {"_": "MessageReplies", "replies": 0, "replies_pts": 6770, "comments": true, "recent_repliers": [], "channel_id": 1146204499, "max_id": null, "read_max_id": null}, "edit_date": "2022-09-06T07:20:26+00:00", "post_author": null, "grouped_id": null, "restriction_reason": [], "ttl_period": null}, {"_": "Message", "id": 4317, "peer_id": {"_": "PeerChannel", "channel_id": 1137190853}, "date": "2022-09-06T04:00:44+00:00", "message": "ЧТО СЕГОДНЯ ОТМЕЧАЕМ?\n\n6 августа — День борьбы с прокрастинацией\n\nХотя термин «прокрастинация» появился в психологии только в конце 70-х годов прошлого века, однако само явление существует столько же, сколько существует человечество. И столько же человечество пытается с ней бороться.\n\nПсихологи различают с десяток видов прокрастинации, от откладывания мелких неприятных бытовых дел, вроде уборки, до замещений или «продуктивной прокрастинации», когда человек как раз только этой уборкой и занимается (но откладывает другие важные дела). Не меньше изобретено и способов борьбы с прокрастинацией.\n\nЕсли же вы не из тех, кто пытается всё делать в срок и не считаете, что с прокрастинацией надо бороться, то ваш день будет 25 марта - Всемирный день прокрастинации.", "out": false, "mentioned": false, "media_unread": false, "silent": false, "post": true, "from_scheduled": false, "legacy": false, "edit_hide": true, "pinned": false, "from_id": null, "fwd_from": null, "via_bot_id": null, "reply_to": null, "media": {"_": "MessageMediaPhoto", "photo": {"_": "Photo", "id": 5240098330527251501, "access_hash": 4493356748517554353, "file_reference": [2, 67, 200, 39, 197, 0, 0, 16, 221, 99, 24, 60, 61, 154, 133, 8, 201, 228, 148, 84, 18, 222, 7, 66, 130, 15, 147, 151, 95], "date": "2022-09-06T04:00:43+00:00", "sizes": [{"_": "PhotoStrippedSize", "type": "i", "bytes": [1, 33, 40, 190, 215, 33, 91, 105, 60, 250, 84, 131, 204, 32, 16, 127, 90, 198, 89, 75, 185, 38, 76, 103, 218, 174, 217, 92, 245, 137, 219, 32, 112, 13, 26, 139, 66, 174, 177, 187, 204, 143, 119, 161, 170, 182, 241, 71, 34, 185, 146, 64, 152, 28, 123, 213, 141, 83, 38, 117, 5, 178, 0, 224, 154, 164, 2, 247, 106, 6, 134, 209, 74, 64, 236, 104, 160, 11, 255, 0, 101, 64, 1, 36, 254, 21, 27, 35, 66, 217, 235, 145, 218, 174, 164, 115, 52, 98, 61, 128, 96, 1, 184, 241, 85, 238, 32, 104, 6, 101, 42, 71, 99, 158, 180, 239, 110, 164, 234, 217, 90, 229, 252, 207, 44, 227, 183, 74, 110, 245, 227, 228, 63, 144, 162, 226, 88, 229, 217, 229, 160, 92, 14, 112, 42, 26, 157, 203, 90, 15, 144, 131, 200, 82, 13, 20, 202, 40, 90, 6, 231, 72, 126, 245, 80, 214, 191, 213, 67, 245, 52, 81, 83, 29, 192, 201, 20, 180, 81, 86, 32, 162, 138, 40, 3]}, {"_": "PhotoSize", "type": "m", "w": 320, "h": 268, "size": 19971}, {"_": "PhotoSize", "type": "x", "w": 800, "h": 671, "size": 86696}, {"_": "PhotoSize", "type": "y", "w": 940, "h": 788, "size": 92149}], "dc_id": 2, "has_stickers": false, "video_sizes": []}, "ttl_seconds": null}, "reply_markup": null, "entities": [], "views": 57, "forwards": 0, "replies": {"_": "MessageReplies", "replies": 0, "replies_pts": 6770, "comments": true, "recent_repliers": [], "channel_id": 1146204499, "max_id": null, "read_max_id": null}, "edit_date": "2022-09-06T04:00:47+00:00", "post_author": null, "grouped_id": null, "restriction_reason": [], "ttl_period": null}, {"_": "Message", "id": 4316, "peer_id": {"_": "PeerChannel", "channel_id": 1137190853}, "date": "2022-09-05T16:30:14+00:00", "message": "ЧТО ГДЕ ПРОИСХОДИТ В САРОВЕ 6 СЕНТЯБРЯ\n\n🏃Реализация проекта «Спорт – норма жизни»\n09:00-11:00 Уличный спортивный комплекс по ул.Куйбышева, 3\n16:00-19:00 Уличный спортивный комплекс на перекрёстке ул.Садовой и ул. П.Морозова (сквер МКР-22)\n\n⚽Стадион «Икар»\n18:00 Чемпионат города по футболу 2022 г. (1 лига) Вымпел-СК Терем\n20:00 Чемпионат города по футболу 2022 г. (2 лига) Восток-Сокол\n\n🏛️Городской музей (пр. Мира, 48, тел. 3-42-56)\n*Выставка фотографий Ильи Калашникова «CRAMEL.X 2K22» (Саров) (0+)\n*Выставка «Нам 65!» фотолетопись музея\n*Выставка «Солдаты России» (плакаты из фондов Городского музея)\n\n🖼️Художественная галерея (пр. Мира, 1, тел. 7-02-87)\n*Персональная выставка члена Московского союза художников Петра Безрукова «Мои голубые небеса» (0+), Живопись, Москва\n*Выставки из художественной и частных коллекций:\n«Осенний день» (0+) и «Улетаем мы на юг» (0+), Живопись, графика, Саров\n*11:00 «МУЛЬТ в кино» Выпуск 146: Ребята, давайте смотреть дружно» (0+)\nСборник анимационных фильмов. Россия. 2022. 45 минут\n\n🧸Музей народной игрушки (пр. Мира, 31, Тел. 6-64-94)\n«Нижегородская игрушка» выставка нижегородской народной игрушки из фондов музея (г.Саров) 0+\n\n🎨Художественный салон (пр.Мира,48, Тел.7-67-78)\nВыставка-продажа живописи  члена союза художников России Петра Безрукова\n«Цветы и море» (г. Москва)\n\n📖Центральная городская библиотека им.В.Маяковского (пр. Мира, 4 тел. 9-94-05)\n17:00 Игротека «Литолки»\n\n📔Молодежный библиотечно-информационный центр ЦГБ им.В.Маяковского (ул. Московская, д.11, тел. 9-44-17)\n18:00 Клуб любителей французского языка и культуры\n\n📚Центральная городская библиотека им.А.С.Пушкина (ул. Герцена, 13а, тел. 9-17-40)\n*Мастерилки «Моя Вообразилия» (к дню рождения детского писателя Б.Заходера) 6+\n*Выставка-реклама литературы нон-фикшн для подростков \"Твой кругозор\" 12+\n*Творческая мастерская \"Народная кукла Кувадка\" 6+\n*Эстетическая площадка «Осенний натюрморт» 6+\n*Презентация- информация «Нижегородцы в войне с Наполеоном» 6+\n\n🌳Парк культуры и отдыха им. П.М. Зернова (тел. 9-82-50,  9-82-60)\n16:00-20:00 Работают аттракционы парка", "out": false, "mentioned": false, "media_unread": false, "silent": false, "post": true, "from_scheduled": false, "legacy": false, "edit_hide": true, "pinned": false, "from_id": null, "fwd_from": null, "via_bot_id": null, "reply_to": null, "media": null, "reply_markup": null, "entities": [], "views": 53, "forwards": 0, "replies": {"_": "MessageReplies", "replies": 0, "replies_pts": 6770, "comments": true, "recent_repliers": [], "channel_id": 1146204499, "max_id": null, "read_max_id": null}, "edit_date": "2022-09-05T16:30:17+00:00", "post_author": null, "grouped_id": null, "restriction_reason": [], "ttl_period": null}, {"_": "Message", "id": 4315, "peer_id": {"_": "PeerChannel", "channel_id": 1137190853}, "date": "2022-09-05T16:30:14+00:00", "message": "", "out": false, "mentioned": false, "media_unread": false, "silent": false, "post": true, "from_scheduled": false, "legacy": false, "edit_hide": true, "pinned": false, "from_id": null, "fwd_from": null, "via_bot_id": null, "reply_to": null, "media": {"_": "MessageMediaPhoto", "photo": {"_": "Photo", "id": 5237829393794055741, "access_hash": 4228094692129762748, "file_reference": [2, 67, 200, 39, 197, 0, 0, 16, 219, 99, 24, 60, 61, 83, 62, 207, 173, 204, 153, 38, 225, 92, 196, 176, 203, 47, 215, 238, 109], "date": "2022-09-05T16:30:14+00:00", "sizes": [{"_": "PhotoStrippedSize", "type": "i", "bytes": [1, 40, 40, 197, 169, 82, 34, 196, 14, 153, 232, 0, 201, 162, 53, 254, 34, 51, 216, 10, 213, 178, 17, 198, 60, 191, 226, 61, 79, 173, 0, 103, 181, 163, 175, 240, 176, 227, 190, 42, 38, 140, 134, 32, 115, 143, 192, 214, 156, 241, 200, 247, 12, 58, 1, 252, 70, 149, 52, 198, 148, 110, 51, 1, 239, 140, 210, 184, 236, 99, 81, 86, 46, 97, 104, 156, 171, 129, 184, 28, 28, 81, 76, 65, 108, 199, 120, 92, 118, 56, 171, 54, 202, 230, 64, 114, 112, 167, 53, 70, 54, 218, 224, 214, 148, 69, 246, 13, 171, 193, 239, 73, 187, 108, 84, 82, 111, 86, 93, 133, 80, 135, 46, 6, 88, 140, 122, 244, 164, 134, 65, 20, 143, 11, 62, 72, 60, 85, 113, 181, 200, 140, 49, 14, 121, 207, 106, 169, 114, 178, 172, 225, 203, 12, 176, 206, 71, 176, 164, 188, 193, 233, 176, 237, 80, 255, 0, 164, 103, 251, 202, 51, 248, 26, 42, 164, 242, 180, 174, 11, 28, 224, 96, 81, 84, 73, 29, 88, 134, 242, 72, 227, 242, 243, 148, 244, 162, 138, 119, 176, 154, 185, 115, 237, 16, 125, 140, 62, 71, 155, 232, 15, 61, 106, 140, 211, 153, 88, 241, 143, 231, 69, 20, 134, 65, 69, 20, 80, 7]}, {"_": "PhotoSize", "type": "m", "w": 320, "h": 320, "size": 25900}, {"_": "PhotoSize", "type": "x", "w": 800, "h": 800, "size": 97464}, {"_": "PhotoSize", "type": "y", "w": 1080, "h": 1080, "size": 125107}], "dc_id": 2, "has_stickers": false, "video_sizes": []}, "ttl_seconds": null}, "reply_markup": null, "entities": [], "views": 53, "forwards": 0, "replies": {"_": "MessageReplies", "replies": 0, "replies_pts": 6770, "comments": true, "recent_repliers": [], "channel_id": 1146204499, "max_id": null, "read_max_id": null}, "edit_date": "2022-09-05T16:30:17+00:00", "post_author": null, "grouped_id": null, "restriction_reason": [], "ttl_period": null}, {"_": "Message", "id": 4314, "peer_id": {"_": "PeerChannel", "channel_id": 1137190853}, "date": "2022-09-05T08:40:22+00:00", "message": "Глава «Почты России» назвал сроки начала торговли алкоголем\nПровести пилотный проект по доставке алкоголя «Почтой России» президент России поручил ещё в 2021 году. Запуск проекта уже несколько раз откладывался.  \nГендиректор «Почты России» заявил, что начать эксперимент по продаже алкоголя рассчитывают весной 2023 года. Покупка алкоголя будет доступна только совершеннолетним через специализированную витрину, можно будет купить только российский алкоголь с доставкой не раньше, чем через 24 часа.\n\n#ОБЩЕСТВО", "out": false, "mentioned": false, "media_unread": false, "silent": false, "post": true, "from_scheduled": false, "legacy": true, "edit_hide": true, "pinned": false, "from_id": null, "fwd_from": null, "via_bot_id": null, "reply_to": null, "media": {"_": "MessageMediaPhoto", "photo": {"_": "Photo", "id": 5237829393794055347, "access_hash": 1733291756897791350, "file_reference": [2, 67, 200, 39, 197, 0, 0, 16, 218, 99, 24, 60, 61, 220, 127, 101, 24, 113, 142, 75, 69, 128, 92, 55, 158, 145, 28, 165, 172], "date": "2022-09-05T08:40:21+00:00", "sizes": [{"_": "PhotoStrippedSize", "type": "i", "bytes": [1, 27, 40, 175, 2, 91, 108, 34, 82, 55, 228, 245, 207, 183, 255, 0, 94, 158, 5, 174, 239, 97, 215, 159, 175, 255, 0, 91, 243, 169, 254, 192, 2, 22, 37, 122, 122, 84, 45, 6, 67, 176, 85, 32, 99, 25, 30, 163, 52, 0, 136, 182, 197, 6, 92, 231, 156, 145, 245, 226, 159, 28, 81, 15, 245, 159, 40, 110, 50, 27, 60, 115, 255, 0, 214, 164, 88, 126, 81, 148, 27, 73, 228, 227, 165, 74, 246, 241, 242, 99, 193, 218, 57, 226, 139, 5, 202, 18, 133, 14, 193, 9, 101, 237, 69, 72, 99, 82, 78, 87, 20, 81, 96, 185, 166, 103, 136, 196, 64, 145, 79, 30, 181, 70, 43, 132, 143, 116, 108, 9, 118, 199, 32, 113, 138, 104, 0, 118, 31, 149, 52, 157, 171, 145, 128, 126, 148, 237, 112, 216, 176, 37, 220, 173, 203, 1, 193, 0, 254, 6, 148, 72, 129, 36, 10, 223, 120, 142, 51, 218, 170, 6, 38, 18, 73, 57, 205, 44, 68, 144, 1, 245, 167, 96, 220, 37, 3, 63, 124, 142, 58, 81, 82, 58, 130, 121, 25, 162, 132, 155, 19, 118, 63]}, {"_": "PhotoSize", "type": "m", "w": 320, "h": 213, "size": 27700}, {"_": "PhotoSizeProgressive", "type": "x", "w": 420, "h": 280, "sizes": [2680, 8746, 18680, 27148, 42198]}], "dc_id": 2, "has_stickers": false, "video_sizes": []}, "ttl_seconds": null}, "reply_markup": null, "entities": [{"_": "MessageEntityHashtag", "offset": 501, "length": 9}], "views": 64, "forwards": 0, "replies": {"_": "MessageReplies", "replies": 0, "replies_pts": 6770, "comments": true, "recent_repliers": [], "channel_id": 1146204499, "max_id": null, "read_max_id": null}, "edit_date": "2022-09-05T15:50:45+00:00", "post_author": null, "grouped_id": null, "restriction_reason": [], "ttl_period": null}, {"_": "Message", "id": 4313, "peer_id": {"_": "PeerChannel", "channel_id": 1137190853}, "date": "2022-09-05T08:35:22+00:00", "message": "В Сарове начали популизировать историю генерала Полуектова\nФото: bibliom.ru\n\nВ День знаний для старшеклассников Сарова состоялись первые лекции, посвященные памяти генерала Полуектова.  \nЭто совместный проект Департамента коммуникаций и международных связей ВНИИЭФ и Департамента образования Сарова.  \nИсторик и краевед Валентин Степашкин рассказал об обстоятельствах появления имени Полуектова в списке знаковых для города персон, судьбе и боевом пути генерала.\n\n#ОБЩЕСТВО", "out": false, "mentioned": false, "media_unread": false, "silent": false, "post": true, "from_scheduled": false, "legacy": false, "edit_hide": true, "pinned": false, "from_id": null, "fwd_from": null, "via_bot_id": null, "reply_to": null, "media": {"_": "MessageMediaPhoto", "photo": {"_": "Photo", "id": 5237829393794055344, "access_hash": -3989859174540735345, "file_reference": [2, 67, 200, 39, 197, 0, 0, 16, 217, 99, 24, 60, 61, 95, 209, 22, 177, 123, 86, 168, 65, 119, 68, 193, 178, 13, 163, 129, 52], "date": "2022-09-05T08:35:21+00:00", "sizes": [{"_": "PhotoStrippedSize", "type": "i", "bytes": [1, 22, 40, 188, 189, 41, 73, 53, 74, 222, 105, 36, 94, 88, 143, 202, 166, 145, 204, 112, 151, 44, 73, 30, 130, 154, 118, 20, 149, 217, 27, 182, 55, 1, 215, 52, 241, 200, 4, 115, 84, 174, 36, 218, 231, 105, 206, 70, 115, 245, 167, 89, 75, 128, 225, 137, 192, 198, 42, 90, 40, 183, 138, 40, 12, 24, 100, 81, 72, 8, 224, 192, 81, 244, 169, 38, 144, 162, 12, 12, 229, 182, 243, 69, 20, 1, 149, 59, 98, 86, 227, 143, 74, 18, 51, 44, 124, 28, 97, 191, 207, 242, 162, 138, 160, 45, 217, 182, 19, 103, 96, 77, 20, 81, 72, 25]}, {"_": "PhotoSize", "type": "m", "w": 320, "h": 177, "size": 11018}, {"_": "PhotoSize", "type": "x", "w": 800, "h": 442, "size": 45338}, {"_": "PhotoSizeProgressive", "type": "y", "w": 1024, "h": 566, "sizes": [8067, 17441, 22993, 33736, 65465]}], "dc_id": 2, "has_stickers": false, "video_sizes": []}, "ttl_seconds": null}, "reply_markup": null, "entities": [{"_": "MessageEntityUrl", "offset": 65, "length": 10}, {"_": "MessageEntityHashtag", "offset": 464, "length": 9}], "views": 57, "forwards": 0, "replies": {"_": "MessageReplies", "replies": 0, "replies_pts": 6770, "comments": true, "recent_repliers": [], "channel_id": 1146204499, "max_id": null, "read_max_id": null}, "edit_date": "2022-09-05T08:35:25+00:00", "post_author": null, "grouped_id": null, "restriction_reason": [], "ttl_period": null}]