<?xml version="1.0" encoding="utf-8" standalone="yes" ?>
<rss version="2.0" xmlns:atom="http://www.w3.org/2005/Atom">
  <channel>
    <title>Cat on Apex Legends и Overwatch</title>
    <link>https://arzamas-16.ru/cat/</link>
    <description>Recent content in Cat on Apex Legends и Overwatch</description>
    <generator>Hugo -- gohugo.io</generator>
    <language>ru</language>
    
	<atom:link href="https://arzamas-16.ru/cat/index.xml" rel="self" type="application/rss+xml" />
    
    
  </channel>
</rss>