<?xml version="1.0" encoding="utf-8" standalone="yes" ?>
<rss version="2.0" xmlns:atom="http://www.w3.org/2005/Atom">
  <channel>
    <title>Posts on Apex Legends и Overwatch</title>
    <link>https://arzamas-16.ru/post/</link>
    <description>Recent content in Posts on Apex Legends и Overwatch</description>
    <generator>Hugo -- gohugo.io</generator>
    <language>ru</language>
    <lastBuildDate>Wed, 20 Mar 2019 06:42:11 +0300</lastBuildDate>
    
	<atom:link href="https://arzamas-16.ru/post/index.xml" rel="self" type="application/rss+xml" />
    
    
    <item>
      <title>Сколько стоит боевой пропуск Apex Legends?</title>
      <link>https://arzamas-16.ru/apex-legends-battle-pass/</link>
      <pubDate>Wed, 20 Mar 2019 06:42:11 +0300</pubDate>
      
      <guid>https://arzamas-16.ru/apex-legends-battle-pass/</guid>
      <description>19 марта разработчики игры Apex Legends дали старт первому сезону в Apex Legends. Они добавили в игру боевой пропуск. Поклонники королевской битвы ждали этого события с самого релиза, но остались недовлетворенными.
Стоимость боевого пропуска - 950 монет Apex — их можно купить за 749 рублей в магазине или получить при первой подписке на Origin Access. Аналогично Fortnite или PUBG, некоторые награды будут бесплатными: в течение трех месяцев все игроки будут повышать уровень боевого пропуска, даже если не купят его.</description>
    </item>
    
    <item>
      <title>Новый герой Apex Legends – Octane</title>
      <link>https://arzamas-16.ru/apex-octane-new-hero-2/</link>
      <pubDate>Fri, 01 Mar 2019 06:42:11 +0300</pubDate>
      
      <guid>https://arzamas-16.ru/apex-octane-new-hero-2/</guid>
      <description>Юзер с Reddit запостил снимок экрана с изображением одного из новых героев Apex Legends – Octane.
На картинке можно найти и описание его способностей. Пассивная способность Swift Mend восстанавливает здоровье Octane, пока он не находится в бою. Активная Adrenaline Junkie дает персонажу ускорение на 30% на 6 секунд. Ульта Launch Pad позволяет создать трамплин.</description>
    </item>
    
    <item>
      <title>Понижаем пинг в Apex Legends</title>
      <link>https://arzamas-16.ru/apex-legends-ping-ponizhaem/</link>
      <pubDate>Fri, 01 Mar 2019 05:42:11 +0300</pubDate>
      
      <guid>https://arzamas-16.ru/apex-legends-ping-ponizhaem/</guid>
      <description>К сожалению, Apex Legends не дает игрокам проверить пинг или стабильность соединения. Многие геймеры пишут на форумах о серьезных сетевых проблемах, которые наблюдаются у всех участников текущего матча и пропадают лишь спустя несколько минут. Как же выбрать нужный сервер в Apex Legends, чтобы играть было комфортно?
На самом деле узнать пинг в Apex Legends вполне реально. Для выполните следующие действия во время первой загрузки игры.
 После завершения первой загрузки Apex Legends подождите 60 секунд, не выходя в главное меню.</description>
    </item>
    
    <item>
      <title>За Винни-Пуха в Китае банят игроков Overwatch</title>
      <link>https://arzamas-16.ru/overwatch-vinnie-puh-ban/</link>
      <pubDate>Fri, 01 Mar 2019 04:51:11 +0300</pubDate>
      
      <guid>https://arzamas-16.ru/overwatch-vinnie-puh-ban/</guid>
      <description>Китайских игроков в Overwatch банят за упоминание в чате Винни-Пуха. Новость пришла с китайских форумов. Один игрок в оверотч рассказал, что если кто-то спросит у вас в чате: «Кто лучший друг Тигры?», а вы напишете: «Винни-Пух», то ваш аккаунт забанят. Более того, несчастных геймеров наказывают баном и за упоминание Тигры.
Все это происходит из-за цензуры в Китае. Критики китайской власти часто сравнивают главу КНР Син Цзиньпина с Винни-Пухом и потому в стране упоминания этого героя подвергаются цензуре.</description>
    </item>
    
    <item>
      <title>Новый герой в Overwatch - Baptiste</title>
      <link>https://arzamas-16.ru/overwatch-baptiste/</link>
      <pubDate>Tue, 26 Feb 2019 05:51:11 +0300</pubDate>
      
      <guid>https://arzamas-16.ru/overwatch-baptiste/</guid>
      <description>В ночь с понедельника на вторник Blizzard представили нам облик и историю нового героя в Owerwatch. Им стал Baptiste. Судя по всему, он будет преимущественно хилить. То есть Баптисту быть медиком. Подробности о способностях персонажа нам не рассказали.
Однако Lucas Łaskawy из Польши заострил наше внимание на ответы официального аккаунта Overwatch для польского региона под роликом с историей Батиста. Разработчики успокоили фанатов, что арсенал способностей Батиста отличается от Солдата-76. Они же уверяют, что у персонажа довольно уникальный геймплей.</description>
    </item>
    
    <item>
      <title>В игровых файлах Apex Legends уже нашли 11 новых героев</title>
      <link>https://arzamas-16.ru/apex-legends-11-heroes/</link>
      <pubDate>Mon, 25 Feb 2019 05:51:11 +0300</pubDate>
      
      <guid>https://arzamas-16.ru/apex-legends-11-heroes/</guid>
      <description>Оружие, возможное появление транспорта, скины в магазине и боевой пропуск — это далеко не всё, что получит королевская битва Apex Legends в 2018 году. Датамайнеры нашли в игровых файлах 11 новых героев! Пока удалось узнать только их имена, и лишь некоторые способности:
 Nomad Octane Prophet Husaria Jericho Rampart Blackout Crypto Rosie Skunner Wattson  У Октан есть некая способность, основанная на стимпаке, а у Уотсона есть электрическая ловушка в качестве главной абилки.</description>
    </item>
    
    <item>
      <title>Проблема в Apex Legends PersistenceReadComplete for data storage &#34;Respawn&#34; failed</title>
      <link>https://arzamas-16.ru/apex-legends-persistencereadcomplete/</link>
      <pubDate>Thu, 21 Feb 2019 05:51:11 +0300</pubDate>
      
      <guid>https://arzamas-16.ru/apex-legends-persistencereadcomplete/</guid>
      <description>Сегодня многие игроки столкнулись с проблемой, игра долго грузится и вылетает с ошибкой &amp;ldquo;Disconnect: PersistenceReadComplete for data storage &amp;ldquo;Respawn&amp;rdquo; failed&amp;rdquo;. К сожалению, разработчини не учли, что в Apex Legends будет играть одновременно такое большое количество людей как сейчас, поэтому бывают случаи, что сервера просто не справляются с нагрузкой.
Как же быть простому геймеры в такой ситуации? Как решить проблему? Ответ плавает на поверхности: нужно просто ждать. Еще вариант: поменять сервер. У некоторых игроков при смене региона происходило подключение к игре.</description>
    </item>
    
    <item>
      <title>Читеры в Apex Legends. Что делать?</title>
      <link>https://arzamas-16.ru/apex-legends-chitery/</link>
      <pubDate>Thu, 21 Feb 2019 05:41:11 +0300</pubDate>
      
      <guid>https://arzamas-16.ru/apex-legends-chitery/</guid>
      <description>Как сообщает отчет Respawn Entertainment о результатах работы над популярным шутером Apex Legends, с момента релиза разработчики забанили более 16 тысяч читеров. Студия призвала всех поклонников «королевской битвы» сообщать о случаях нечестной игры. Это можно сделать по адресу: https://www.easy.ac/en-us/support/apexlegends/contact/report/
В треде на популярном ресурсе Reddit компания-разработчик пообещала решить проблемы стабильностьи и производительности игры. Точные даты однако не называются. Программисты планируют выкладывать патчноуты при релизе обновлений. Для ускоренной работы пользователи могут сообщать об ошибках и спецификациях собственной игровой системы.</description>
    </item>
    
    <item>
      <title>В Apex Legends добавят новое оружие - энергетическую винтовку Havoc</title>
      <link>https://arzamas-16.ru/apex-legends-havoc/</link>
      <pubDate>Wed, 20 Feb 2019 05:41:11 +0300</pubDate>
      
      <guid>https://arzamas-16.ru/apex-legends-havoc/</guid>
      <description>20 февраля в Apex Legends добавят новое оружие. Речь идет о новой энергетической винтовке Havoc. Она расходует энергетические патроны. При этом у оружия существует два режима стрельбы: автоматический и одиночный. Каждое попадание по сопернику наносит 18 урона в тело и 36 в голову. Какие модули будут использоваться с оружием, неизвестно.
Несколько дней назад датамайнеры нашли в файлах игры упоминание о двух новых оружиях — винтовке Havoc и легком пулемете L-STAR EMG.</description>
    </item>
    
    <item>
      <title>В Apex Legends - новый мировой рекорд по одиночным убийствам</title>
      <link>https://arzamas-16.ru/apex-legends-mirovoj-record-mendokusaii/</link>
      <pubDate>Wed, 20 Feb 2019 04:41:11 +0300</pubDate>
      
      <guid>https://arzamas-16.ru/apex-legends-mirovoj-record-mendokusaii/</guid>
      <description>В бесплатным баттл-рояле Apex Legends установили новый мировой рекорд по одиночным убийствам. Это сделал стример Mendokusaii вчера вечером. Он совершил 36 убийств за 18 минут, при этом нанес 5460 урона.
Он побил рекорд MrSimple, который несколько дней назад совершил 34 убийства. Видео по теме:
  </description>
    </item>
    
    <item>
      <title>Новый патч в Apex Legends - исправлен вылет из-за Миража</title>
      <link>https://arzamas-16.ru/apex-legends-patch-mirage/</link>
      <pubDate>Tue, 19 Feb 2019 04:41:11 +0300</pubDate>
      
      <guid>https://arzamas-16.ru/apex-legends-patch-mirage/</guid>
      <description>Программисты игры Apex Legends выкатили второе обновление. По всей видимости, это подготовительный патч перед началом первого сезона в Apex Legends. Исправлен вылет игры из-за способности Миража. Кроме того, исправлена ошибка с медленным перемещением персонажа после воскрешения. Заплатка вышла на всех платформах.
Итак, полный список изменений не такой большой:
 исправлены вылеты на PS4.  исправлена ошибка с медленным передвижением персонажа после воскрешения.  исправлены вылеты из-за способности Миража.  </description>
    </item>
    
    <item>
      <title>Новый режим в Apex Legends - Survival Game</title>
      <link>https://arzamas-16.ru/apex-legends-survival-game/</link>
      <pubDate>Sun, 17 Feb 2019 04:41:11 +0300</pubDate>
      
      <guid>https://arzamas-16.ru/apex-legends-survival-game/</guid>
      <description>В Apex Legends появится новый режим: Survival Game. Он будет либо одиночным, либо режимом с элементами PvE, то есть живым игрокам придется сражаться с ботами, которыми управляет искусственный интеллект. В очередной раз планы разработчиков в сеть слили датамейнеры. По их словам, в игре также появятся интерактивные зрители и комментаторы, которые будут реагировать на события, происходящие в матче: аплодировать, кричать, петь и так далее.
Виртуальные комментаторы будут «заводить толпу» эмоциональными репликами. Есть вероятность, что доступ к ним откроется лишь за допольнительную плату, как это есть например в Fortnite.</description>
    </item>
    
    <item>
      <title>Робот Чаппи - в Apex Legends?</title>
      <link>https://arzamas-16.ru/apex-legends-robot-chappy/</link>
      <pubDate>Sun, 17 Feb 2019 04:31:11 +0300</pubDate>
      
      <guid>https://arzamas-16.ru/apex-legends-robot-chappy/</guid>
      <description>Робот Чаппи мог бы стать героем Apex Legends. К такому мнению пришли Нил Бломкамп, режиссер «Робот по имени Чаппи», и глава студии Respawn Entertainment Винс Зампелла. Далеко не факт, что робот появится в Apex Legends. Необходимо предварительно провести множество юридическо-бюрократической работы, особенно в части авторского права. Но поскольку Бломкамп и Зампелла публично высказали своё одобрение идеи, шансы всё-таки есть.
Если кто вдруг не знает: «Робот по имени Чаппи» — третий и пока последний полнометражный фильм Бломкампа.</description>
    </item>
    
    <item>
      <title>О планах развития Apex Legends</title>
      <link>https://arzamas-16.ru/apex-legends-plany-razvitiya.html</link>
      <pubDate>Sat, 16 Feb 2019 04:31:11 +0300</pubDate>
      
      <guid>https://arzamas-16.ru/apex-legends-plany-razvitiya.html</guid>
      <description>Разработчики игры сообщили о планах развития Apex Legends. Так, уже в марте нас ждет &amp;ldquo;Боевой пропуск&amp;rdquo;, который позволит получить доступ к соревновательным сезонам. В период с мая по июнь выйдут новые герои, новое оружие добавят в третьем сезоне, который завершится в сентябре. Новые трофеи нас ждут в 4 сезоне, который закончится одновременно с 2019 годом.</description>
    </item>
    
    <item>
      <title>Проблемы с подключением к Apex Legends</title>
      <link>https://arzamas-16.ru/apex-legends-ne-rabotaet.html</link>
      <pubDate>Sat, 16 Feb 2019 04:31:11 +0300</pubDate>
      
      <guid>https://arzamas-16.ru/apex-legends-ne-rabotaet.html</guid>
      <description>Разработчики игры сообщили о проблемах с подключением к Apex Legends в ночь с пятницы на субботу, 16 февраля. Они просят игроков набраться терпения и подождать, когда технические службы починят сервера. Дело в том, что онлайн игры слишком большой и серверные мощности не всегда выдерживают нагрузку. Однако каждый день сотрудники поддержки Apex Legends работают над стабилизацией игры и увеличением серверных мощностей, поэтому в будущем стабильности игры возрастет.</description>
    </item>
    
    <item>
      <title>Два миллиона человек играли одновременно в Apex Legends</title>
      <link>https://arzamas-16.ru/apex-legends-online-over-2-mln.html</link>
      <pubDate>Fri, 15 Feb 2019 04:31:11 +0300</pubDate>
      
      <guid>https://arzamas-16.ru/apex-legends-online-over-2-mln.html</guid>
      <description>Разработчик игр Винс Зампелла рассказал, что после выхода Apex Legends в прошлый понедельник у игры уже появилось преданное сообщество с массой отзывов и отличных идей. Цель разработчиков - совершенствовать игру совместно с игроками, поэтому программисты с нетерпением ждут обратной связи и призывают не стесняться ею делиться.
Винс Зампелла пока не раскрывает все карты о грядущих обновлениях, но обещает развивать игру, основываясь на ваших отзывах, впечатлениях, делится планами на самое ближайшее время:</description>
    </item>
    
  </channel>
</rss>